review_id,author,story,acting,visuals,sounds,values,overall
rw2909541,flickershows,0.0,,,,1.0,1
rw10410434,HuntinPeck80,0.0,,,,1.0,1
rw2186139,lun-lun,-2.0,,,,-2.0,-2
rw2639859,bibleman24,2.0,2.0,,1.0,,2
rw1144806,Quinoa1984,1.0,1.0,2.0,1.0,1.0,1
rw2606787,hall895,0.0,,2.0,1.0,,1
rw10408196,sales-315,2.0,,2.0,2.0,2.0,2
rw3392345,Michael_Elliott,1.0,,2.0,,1.0,1
rw10402573,rhhrgck,2.0,,2.0,2.0,2.0,2
rw1320797,Spondonman,1.0,,2.0,2.0,1.0,2
rw0017117,maxogre,-1.0,,,,,-1
rw3010226,gerald-koh99,1.0,2.0,1.0,1.0,,2
rw9171470,mpjindustries-31649,1.0,,2.0,,,1
rw10402570,teacocic,2.0,1.0,,2.0,1.0,1
rw2028197,TheLittleSongbird,1.0,,1.0,2.0,,2
rw9308211,becketteller,1.0,1.0,2.0,1.0,,1
rw1823810,hazysummerskies,-2.0,,,,,-2
rw0017125,Ben_Cheshire,-1.0,,1.0,1.0,,2
rw10394405,brownjoea,2.0,,2.0,2.0,,2
rw3533242,Realrockerhalloween,-1.0,1.0,2.0,1.0,1.0,1
rw10024387,elizablake-01254,-1.0,,2.0,,-1.0,1
rw2214787,Reviewer14,2.0,2.0,2.0,2.0,,2
rw1732734,Mightyzebra,1.0,,1.0,,,1
rw3314371,davidjones-74681,2.0,2.0,2.0,2.0,,2
rw1534216,vivaladisney,2.0,,2.0,,,2
rw9307943,okainacesar,0.0,,2.0,-1.0,,1
rw0017097,nm18,-2.0,-2.0,,-2.0,,-2
rw2591767,jdn-hunt,2.0,,2.0,,1.0,2
rw2848804,hpotter1397,2.0,,2.0,2.0,,2
rw5988053,DogeGamer2015,0.0,,,,,0
rw0961149,MayorWilkins502,1.0,1.0,2.0,1.0,1.0,1
rw2648392,nutolm,1.0,,1.0,-1.0,,1
rw9095596,gio_cira,1.0,,,,,1
rw0017088,action-6,1.0,,2.0,2.0,,2
rw8481551,statuskuo,1.0,,,,1.0,1
rw9176024,cesarxpbr,2.0,1.0,2.0,2.0,,2
rw2415893,preppy-3,-2.0,,2.0,-1.0,-2.0,-1
rw2031865,ja_kitty_71,1.0,,2.0,1.0,,1
rw1613386,madeye666,2.0,,2.0,2.0,,2
rw0017074,stamper,0.0,,-1.0,-1.0,0.0,1
rw10388934,powerpufffan,1.0,,1.0,,1.0,1
rw2932917,Robert_duder,-1.0,,2.0,0.0,,0
rw1527061,ndswann,2.0,,2.0,2.0,,2
rw0017066,Cylex,-1.0,,0.0,0.0,1.0,0
rw2451387,LoneWolfAndCub,2.0,,2.0,2.0,2.0,2
rw4563942,jpgranera,-1.0,,1.0,2.0,,1
rw3587188,Groverdox,-1.0,,1.0,-1.0,,-1
rw10392130,birchsaurusart,1.0,,,,1.0,1
rw2155407,Daawesomesquee,1.0,,2.0,2.0,,2
rw0017057,White Dolphin,1.0,,1.0,1.0,,1
rw6389982,ericfersini,-1.0,,2.0,-1.0,,0
rw1744932,dolfin_phlipper,-1.0,1.0,2.0,1.0,0.0,1
rw0017123,CuriosityKilledShawn,-1.0,,1.0,,,1
rw9238097,alainaoboza,2.0,,2.0,2.0,,2
rw5826848,sheldonABC,1.0,,1.0,,1.0,1
rw2656706,gavin-thelordofthefu-48-460297,2.0,2.0,2.0,2.0,,2
rw2059062,jvfunn1,2.0,,,2.0,,2
rw5043354,kyriakostsn,,,,,-1.0,-1
rw1234745,jachimp,2.0,,,,,2
rw6836791,Fernando-Rodrigues,0.0,,-1.0,,1.0,1
rw3337649,livrariaaprendiz,2.0,,2.0,,,2
rw10198217,ratimkheidze,-1.0,,1.0,,,1
rw2739732,breakdownthatfilm-blogspot-com,1.0,2.0,1.0,2.0,,2
rw9936553,oskakalud,0.0,,,1.0,,1
rw0017092,StreepFan126,1.0,,,,,1
rw4786271,ozgekaynak-59215,-2.0,,1.0,,,-1
rw1544803,amandarsleigh,-1.0,,,,-1.0,-1
rw3039622,The_Film_Cricket,1.0,,2.0,,,2
rw9197323,varbrkaka,1.0,,,1.0,0.0,1
rw10393013,criticj,2.0,,,2.0,,2
rw7325275,Spiderboy810,0.0,,1.0,0.0,,1
rw10371902,TheMysteriousReviewer,2.0,,2.0,2.0,,2
rw10274650,EileenZ19,-1.0,,1.0,,,1
rw9188467,kacesilvar,1.0,,,,,1
rw3087604,KineticSeoul,0.0,,1.0,0.0,,0
rw2639857,djansen24,1.0,,2.0,2.0,,2
rw10430944,zgeyer,1.0,,1.0,,-1.0,1
rw10407650,aimenzaied,-2.0,,1.0,,-1.0,-1
rw1940859,tedg,1.0,,2.0,,1.0,2
rw7738128,hastichiniforoush,-2.0,,,,-2.0,-2
rw2974420,MissSimonetta,1.0,,1.0,-1.0,,1
rw9015119,jamesvdm-43176,0.0,,2.0,,-1.0,1
rw2883258,OllieSuave-007,2.0,,2.0,1.0,1.0,2
rw1306291,Incalculacable,-1.0,,,,0.0,0
rw1303145,ellen-rouse,2.0,,2.0,2.0,1.0,2
rw5451490,onkylonky,1.0,,,,,1
rw6540979,TheCorniestLemur,-1.0,0.0,1.0,-1.0,,0
rw3460611,datautisticgamer-74853,1.0,,,1.0,1.0,1
rw0017112,movies2u,2.0,,2.0,,,2
rw4294758,stephenfinlay77,,,,,,0
rw8618200,chrisbeers-94469,2.0,,2.0,1.0,1.0,2
rw9749751,varbrcesar,0.0,1.0,,1.0,,0
rw10088069,axtiik,1.0,,1.0,1.0,1.0,1
rw2543206,thesar-2,-1.0,,1.0,,-1.0,0
rw8110950,ricoswivee,1.0,,,,,2
rw10406100,imdbfan-5247508719,2.0,,2.0,2.0,,2
rw0017114,joseph-51,-1.0,,,,,0
rw5653428,CaptainFluffyCuddles,1.0,,0.0,1.0,,1
rw10315906,roxlovesmemories,1.0,,,2.0,,1
rw8565540,kikiboo_8,1.0,,,2.0,,1
rw3396345,aileencorcoran,0.0,,2.0,1.0,0.0,1
rw9215025,nambrsp,1.0,,2.0,1.0,,1
rw3377758,Foreverisacastironmess123,1.0,1.0,2.0,,1.0,1
rw3243422,planktonrules,1.0,-1.0,1.0,-2.0,,1
rw10021605,miranda-23620,-1.0,,1.0,,-1.0,1
rw5936849,davidftolson-35375,-1.0,,,,-1.0,-1
rw2100741,jenkinsr628,1.0,1.0,2.0,1.0,,1
rw5498136,0U,1.0,,2.0,,,2
rw8752020,Philipp_Flersheim,-1.0,,1.0,,-1.0,0
rw10403224,SelenaHope,-2.0,-2.0,-2.0,,,-2
rw10402293,Ozero_Zaisan,-2.0,-1.0,-2.0,,-2.0,-2
rw10326735,ruy_peixoto,2.0,2.0,2.0,2.0,1.0,2
rw6540051,Pjtaylor-96-138044,-1.0,1.0,1.0,,-1.0,1
rw3444688,neil-476,-1.0,1.0,1.0,-1.0,,0
rw2996602,SnoopyStyle,0.0,,,,1.0,1
rw9927159,kakaeludbr,1.0,,2.0,0.0,,1
rw10026586,twilliams0000,,,2.0,,-1.0,1
rw10199813,jxr-84975,-1.0,,1.0,1.0,-1.0,1
rw8646245,FormerBarneyviewer,-1.0,,1.0,,,-1
rw2726641,lagudafuad,2.0,,,2.0,,2
rw8871332,zombiemockingbird,-1.0,-2.0,,-2.0,,-2
rw2516648,Petey-10,1.0,2.0,,2.0,,2
rw9160976,TBJCSKCNRRQTreviews,0.0,,,,-1.0,1
rw3799118,matthewssilverhammer,1.0,,2.0,,,1
rw10361359,cmtenasitas,1.0,,,,,2
rw3822500,castielfan89,1.0,,,1.0,,1
rw0017090,Beast-5,1.0,,2.0,,,2
rw3027918,utgard14,1.0,,1.0,1.0,,2
rw2540048,Vincentiu,1.0,,,1.0,,1
rw7751848,jace_the_film_guy,0.0,,,,,1
rw2213418,jfgibson73,1.0,,1.0,-1.0,1.0,1
rw8110949,kaipetzbr,,,,1.0,,1
rw1389691,disneyland_one_fan,1.0,,,,,1
rw3454643,morgmatheson,-1.0,,-1.0,,-1.0,-1
rw3447190,stenholmgabriel,1.0,1.0,1.0,1.0,,2
rw9266834,jackthepgl,1.0,,,1.0,1.0,1
rw6946909,pedrocastillo-06208,1.0,,,,,1
rw9676526,kokkinoskitrinosmple,0.0,,,,,1
rw9288101,Theo-99610,1.0,,,,1.0,2
rw2684423,mitchrmp,1.0,,,1.0,,1
rw0017063,eibon04,1.0,,2.0,,,1
rw5708109,stuartvernon,1.0,,,2.0,,1
rw8584873,cooljoemakesvideos,-1.0,,2.0,,,1
rw7738155,Phatheart,-1.0,,1.0,,,1
rw2553475,Rectangular_businessman,1.0,,2.0,,1.0,1
rw8032060,belaelunabr,1.0,,2.0,,,1
rw10403900,jonathanchhangur,-2.0,-2.0,,,,-2
rw9843457,jungkookaesthetic,-2.0,1.0,,1.0,,-2
rw2430604,Criticman12,1.0,,,1.0,,2
rw3245881,llltdesq,2.0,,2.0,1.0,,2
rw10120574,moonspinner55,0.0,,-1.0,1.0,,1
rw4022288,leplatypus,1.0,,2.0,,1.0,1
rw8374833,questl-18592,-1.0,,-1.0,,0.0,0
rw2402939,flyingamon,0.0,,2.0,2.0,,1
rw9815127,Falko_h1,1.0,,1.0,1.0,1.0,1
rw5524602,boiyety,-1.0,-1.0,1.0,-1.0,,-1
rw9968930,sunesh6,0.0,,,1.0,,1
rw8548821,d-56673,-1.0,,,0.0,,-1
rw2489003,nickel2824,1.0,,2.0,,,2
rw4378894,torenkneedler,1.0,,,,,1
rw9907204,crewstenorbone,1.0,,1.0,1.0,,2
rw7932354,chloecameron-57622,0.0,,2.0,,0.0,1
rw2781338,Centaurus3,1.0,,0.0,2.0,,1
rw9589534,polaroidgurl,0.0,,0.0,1.0,-1.0,0
rw10151801,Bluedragon-52876,1.0,,2.0,2.0,,2
rw3388885,grantss,1.0,,2.0,1.0,,2
rw10026273,isabelsvec,-1.0,,,,,0
rw4581316,Maxence_G,0.0,,,,,0
rw2331604,SmileysWorld,1.0,,,,,1
rw3458817,sam_smithreview,1.0,1.0,,,,2
rw0017058,sTAn-69,,,1.0,1.0,-1.0,1
rw8023820,kainavareirobr-70475,1.0,,,1.0,,1
rw3573418,Bored_Dragon,2.0,,2.0,2.0,1.0,2
rw10443183,Hollywood_Yoda,1.0,,2.0,,1.0,1
rw10030433,sebastiansandoval-30819,-1.0,,,1.0,-1.0,0
rw8694882,brunovalsi,1.0,,2.0,1.0,,2
rw2292325,DKosty123,-1.0,,2.0,1.0,-1.0,1
rw6004871,writers_reign,0.0,,,,,1
rw6217565,lainygb,-2.0,,,,-2.0,-2
rw2309525,johnstonjames,1.0,,2.0,,,2
rw2409468,loserfilmnerd,0.0,1.0,2.0,2.0,,1
rw0017094,tfrizzell,2.0,,,2.0,,2
rw3212062,Barev2013,2.0,,2.0,2.0,1.0,2
rw1933241,cool_man-5,1.0,2.0,,,,2
rw2522709,ElMaruecan82,2.0,,2.0,2.0,2.0,2
rw1315649,lee_eisenberg,0.0,,,,-1.0,0
rw9012733,FKDZ,-1.0,,2.0,2.0,,1
rw8724265,jpismyname,,1.0,,1.0,1.0,1
rw0017068,blue-7,,,2.0,,,2
rw2404321,hitchcockthelegend,1.0,-1.0,2.0,1.0,0.0,2
rw10389773,aramis-112-804880,0.0,,,1.0,1.0,1
rw0017108,DJAkin,1.0,,,2.0,,1
rw7798903,TrulyOutrageous99,-2.0,,,,-2.0,-2
rw3006658,cherold,0.0,,2.0,,0.0,1
rw10409646,imdbfan-0066845858,2.0,2.0,2.0,,,2
rw1305286,CKCSWHFFAN,1.0,1.0,1.0,1.0,,2
rw0017071,emdt,,,,,-2.0,-1
rw9626879,AlsExGal,2.0,2.0,2.0,,,2
rw2224353,edwagreen,2.0,2.0,,2.0,,2
rw2379330,nEoFILM,1.0,,1.0,1.0,1.0,1
rw1225734,Catherine_Grace_Zeh,1.0,2.0,1.0,,,1
rw0017100,allie1962,1.0,,,,1.0,1
rw9730709,AgentPhoenixxx,,,1.0,-1.0,,1
rw8673120,Prince-P,1.0,,,1.0,,1
rw2795353,rachaelallison2,2.0,,,,,2
rw3652565,colm-hearne365,1.0,,1.0,1.0,1.0,1
rw3153002,TopBrim,1.0,,2.0,,,1
rw10013115,snowfre,2.0,2.0,2.0,,,2
rw0017086,Shannon-32,2.0,2.0,,2.0,,2
rw10408929,margarettekristahreyes,1.0,,-1.0,1.0,,1
rw1993058,Undead_Master,2.0,,2.0,,,2
rw3455174,anaconda-40658,1.0,1.0,2.0,,1.0,1
rw0017062,anyababe,1.0,,1.0,1.0,,1
rw1904592,Boba_Fett1138,-1.0,,2.0,1.0,,1
rw9180945,HollisWoods,1.0,,1.0,1.0,1.0,1
rw1758201,TheUnknown837-1,0.0,,-1.0,,1.0,1
rw3694372,davispittman,1.0,,2.0,1.0,,2
rw3773551,Animany94,-1.0,1.0,2.0,,,1
rw1742193,ackstasis,2.0,,2.0,,,2
rw3039728,Tera-Jones,1.0,,,,1.0,2
rw2170530,bkoganbing,1.0,1.0,,2.0,,2
rw5735065,mike48128,1.0,,0.0,1.0,,1
rw3247905,Vartiainen,0.0,,,,,1
rw8477539,timrilounsbury,1.0,,2.0,2.0,1.0,2
rw2456457,classicsoncall,-1.0,0.0,,,,0
rw10436421,MovieWitch-2,0.0,1.0,,,,1
rw7351573,peterafflek,-1.0,1.0,1.0,2.0,,1
rw4417910,nkenobi,,,1.0,2.0,,1
rw5758336,r96sk,1.0,2.0,2.0,1.0,,2
rw2353058,blanbrn,0.0,1.0,,,,0
rw10368419,jared-25331,1.0,2.0,1.0,,1.0,2
rw10433827,Apireon,-1.0,1.0,1.0,,-1.0,1
rw2925160,msw50,1.0,,2.0,2.0,,2
rw1939216,joliefille411,-1.0,-1.0,1.0,,,1
rw1708685,Beta_Gallinger,1.0,0.0,,-1.0,,1
rw9102627,stevenjlowe82,-1.0,,2.0,,,1
rw8860200,Small-Movie-Critic1999,1.0,,1.0,,,1
rw9104068,Tweekums,1.0,,1.0,1.0,,1
rw8298591,ecg-prime,2.0,,,,2.0,2
rw10205284,dehezanatalia,1.0,,2.0,2.0,,1
rw10307473,61215kiki,1.0,,2.0,1.0,1.0,1
rw6047278,wjefferyholt,2.0,,2.0,,,2
rw8532945,timleesongs,1.0,,2.0,,,1
rw10004121,gkeith_1,1.0,,2.0,1.0,1.0,2
rw7986333,kainaspbr,0.0,,,1.0,,1
rw4171531,Kingslaay,1.0,,,,,1
rw0017081,Jeremy Bristol,-1.0,,2.0,0.0,,1
rw10193360,StudentYu,1.0,,2.0,,,1
rw10194276,alanarellano-06391,1.0,,2.0,2.0,,1
rw6021553,whovian-49939,,,2.0,,,2
rw8003883,arthur_tafero,1.0,,,,,1
rw5410873,tobybunning,1.0,1.0,1.0,,,2
rw3083012,thomas2193,1.0,,2.0,,,1
rw2918275,AaronCapenBanner,0.0,,2.0,,,1
rw0017056,muirino,2.0,,2.0,,,2
rw0017051,Legos,2.0,,2.0,2.0,,2
rw2955664,beegirll,,,,,0.0,0
rw0017106,mpofarrell,2.0,,2.0,2.0,,2
rw0017065,EmperorNortonII,1.0,,1.0,,,1
rw1188618,The_Light_Triton,1.0,,,,0.0,2
rw0017070,GuyCC,1.0,,2.0,2.0,,2
rw1018946,Josh20,-1.0,,2.0,2.0,0.0,1
rw9443843,simonabiancaa,2.0,,2.0,2.0,2.0,2
rw3115848,AntonFokker,1.0,1.0,2.0,1.0,,2
rw0017055,nunval,2.0,,2.0,2.0,,2
rw9479033,springfieldrental,2.0,2.0,1.0,1.0,2.0,2
rw0017098,bix171,0.0,,1.0,,1.0,1
rw1244061,bmbdsm,2.0,,2.0,2.0,,2
rw0017061,MovieFan983,2.0,,2.0,,,2
rw3727910,orraaron,,,2.0,,,2
rw0017109,NewEnglandPat,2.0,,,,,2
rw1619965,FiendishDramaturgy,1.0,,2.0,,,2
rw0017054,supercooljr,1.0,,,,1.0,2
rw9564167,glenaobrien,-1.0,-1.0,,1.0,-1.0,0
rw0017078,jon_bon_jovi,1.0,,-1.0,,,1
rw3022176,rbn_lrk-1,1.0,,,1.0,,1
rw1185939,ctrout,2.0,,,,,2
rw1261044,fanga92002,1.0,,,,0.0,1
rw0017053,Spleen,0.0,,1.0,,,1
rw0017119,The_Movie_Cat,,1.0,1.0,1.0,0.0,1
rw6802867,meydiana-65242,1.0,,,,,1
rw0017064,fjhuerta-2,1.0,2.0,2.0,2.0,,2
rw9559171,jackdylan-02912,0.0,,,,1.0,1
rw0017075,anton-6,2.0,,,2.0,,2
rw1649116,ian-1211,0.0,,,,,1
rw9335429,jordondave-28085,0.0,,,,,0
rw7117616,martin-fennell,0.0,,1.0,,,1
rw8757517,wittkecmission,-1.0,,2.0,,,1
rw2413422,robyn-710-767167,0.0,,,,,1
rw0017080,BatStarIndyFreak,1.0,,-1.0,,,1
rw0017067,Dword,2.0,,,,2.0,2
rw1445975,ceara_39,2.0,,,,,2
rw0017110,jhc43,2.0,,,,,2
rw0017076,goodellaa,,,,,,2
rw6577400,stephenchase-63504,,,,,,1
rw6175032,snoozejonc,-1.0,,2.0,,-1.0,1
rw8857062,seruanyre,2.0,,2.0,2.0,,2
rw2840727,pelicansmailbox-742-14343,1.0,,,,,1
rw9595551,Bernie4444,1.0,,2.0,-1.0,,1
rw1434171,sethn172,2.0,,,,,2
rw3187761,gavin6942,0.0,-1.0,-1.0,-1.0,1.0,1
rw0017113,king_jack_the_wicked,2.0,,,1.0,,2
rw4588845,BusaLeLizweBo,1.0,,1.0,1.0,,1
rw10403994,vishankparikh,-2.0,-2.0,-2.0,,,-2
rw9441361,barry-ahlers,1.0,,1.0,,0.0,1
rw1000284,love_nalian,1.0,,,,,1
rw10151686,RevanMandalore2025,1.0,2.0,1.0,2.0,1.0,1
rw0017107,juanignaciosupremo,0.0,,2.0,1.0,,1
rw6589163,iansull,1.0,,-1.0,,,1
rw0017084,Bob-376,1.0,,2.0,1.0,,2
rw5492287,hreed-89565,2.0,,2.0,2.0,,2
rw6109838,xiaoli7377,0.0,,2.0,1.0,,1
rw4195626,FilmRunner,0.0,,2.0,1.0,,1
rw7258482,AnnaPagrati,,,,,,1
rw6723255,messi8605-934-965055,,,,,,2
rw5911739,riadmsh,1.0,,1.0,1.0,,2
rw6381432,belubocesban,,,2.0,,,1
rw6368856,mfellipecampos,2.0,,2.0,2.0,,2
rw7633401,Terryfan,,2.0,2.0,2.0,,2
rw0017082,ben-112,,,2.0,,,2
rw7233816,IonicBreezeMachine,2.0,,2.0,,2.0,2
rw9946795,vonfleissig,0.0,,,1.0,1.0,1
rw5953787,SofiaHedge,1.0,,1.0,,,1
rw7812869,Essex_Rider,,,,,-2.0,-1
rw4381003,bankofmarquis,2.0,,2.0,2.0,,2
rw6167259,Spidenus816,,,,,2.0,2
rw6785159,nikkijoey,1.0,,,2.0,,1
rw6109732,cynthiarosalesxo,1.0,,1.0,,,1
rw10134534,nataliemichelleatkinson,2.0,,2.0,2.0,,2
rw7117896,lanejody,1.0,,2.0,,1.0,1
rw6974007,kelvinselimor,1.0,,1.0,,,1
rw8138796,arielsiere,-2.0,,,,0.0,2
rw7510423,fatcat-73450,0.0,,2.0,,1.0,1
rw3517612,filipemanuelneto,1.0,,-1.0,1.0,,1
rw5737376,cesbanbelubo,2.0,,2.0,,,2
rw4980659,crosswalkx,1.0,,,,,1
rw5897178,mikepoast,1.0,,2.0,,,1
rw5616007,LeonardKniffel,1.0,,1.0,2.0,,1
rw6853631,wmnzr,,,,,0.0,0
rw4377307,julianajackson,1.0,,1.0,,-1.0,1
rw10055111,filmbuff-05706,2.0,1.0,2.0,1.0,1.0,2
rw4976696,dockerykelli,2.0,1.0,,,,2
rw10104294,boyntonbailey,1.0,,2.0,1.0,,2
rw4583001,apararas,2.0,2.0,,2.0,,2
rw9093364,disharma-24131,1.0,,2.0,2.0,1.0,2
rw7492270,vahiiid-01453,,,,,1.0,1
rw6508384,gab-14712,1.0,,2.0,2.0,,1
rw5556255,klauzcezare,,,2.0,,,2
rw3821333,JohnHowardReid,2.0,,2.0,2.0,,2
rw5022326,frankde-jong,1.0,2.0,,,1.0,1
rw9283962,martinpersson97,1.0,2.0,2.0,,,1
rw8719191,mark.waltz,2.0,1.0,1.0,1.0,2.0,2
rw8593773,flaviomarcelo,2.0,,,2.0,,2
rw6652340,jucsetmai,,,0.0,,,0
rw10443294,CherryB-6,0.0,,,,1.0,1
rw6659552,aizbennett,1.0,,0.0,,,1
rw7606213,JoshLingVHS,1.0,,1.0,0.0,,1
rw5793768,briancham1994,1.0,,1.0,1.0,,1
rw9142803,SebastianRatesAnyMovies,1.0,,2.0,2.0,,2
rw7395540,IPyaarCinema,1.0,,,,1.0,1
rw9568875,veinctor,-1.0,,1.0,,1.0,1
rw8980307,stewartb-21209,2.0,,2.0,,2.0,2
rw8770880,MrBooligan,-1.0,,1.0,1.0,1.0,1
rw9249004,nikitacpv,1.0,,1.0,,,1
rw0017096,MovieAddict2016,1.0,,,,1.0,1
rw5471584,alexthegreatish,-1.0,,2.0,2.0,,1
rw5600628,h-80434,1.0,,,,,1
rw2680828,nintendogs03,-1.0,,1.0,,,0
rw8952620,spencerz-51114,2.0,,,,,2
rw9022609,julibufa,1.0,,2.0,1.0,0.0,1
rw9938068,auskooper,1.0,,1.0,,1.0,1
rw5749979,beluboklaban,,,2.0,,,2
rw1356820,kira_chicka,1.0,,,,,1
rw0017087,katsat,2.0,2.0,,2.0,,2
rw9699522,jazlennwilliams,1.0,,2.0,2.0,1.0,1
rw9641680,IceCream-57,1.0,,,1.0,,1
rw8576497,andromaro,-1.0,,-1.0,1.0,,0
rw9539174,flippyfrogman,-1.0,,1.0,1.0,,1
rw0017095,Collinator54,-1.0,,,,,1
rw5667541,like_cc,0.0,,2.0,,0.0,1
rw5049847,klausvareiretisbr,1.0,,1.0,,,1
rw10443831,ambusched94,1.0,,2.0,,,1
rw7404990,ThunderKing6,1.0,,,2.0,,1
rw2013938,long-ford,0.0,,1.0,,,1
rw0017122,themoviekid2006,1.0,1.0,2.0,1.0,,2
rw0017052,flembot,-1.0,,,,-1.0,-1
rw0017079,badbit,,,1.0,1.0,,1
rw0017124,The_Sensitive_One,-2.0,,,,-2.0,-2
rw0017091,Lady Jasmine,1.0,,1.0,,1.0,1
rw5836199,sublimineyes,1.0,,2.0,1.0,-1.0,1
rw0017059,tvking1285,0.0,,1.0,-1.0,,1
rw5268145,Bonnell7,-1.0,,,,0.0,0
rw4056589,paulrkydd,0.0,0.0,1.0,,,0
rw1445766,ccthemovieman-1,0.0,-1.0,1.0,,,1
rw10411537,gnperuti,0.0,1.0,2.0,2.0,,1
rw0017115,travisimo,1.0,,2.0,2.0,,2
rw0017060,Doylenf,1.0,,1.0,2.0,,2
rw1423238,phillindholm,1.0,1.0,2.0,1.0,,2
rw3316539,johanlefourbe,0.0,,1.0,,,1
rw2936982,GamerOfTime,1.0,2.0,2.0,,,1
rw9971740,lhvoliveira,0.0,,1.0,,,1
rw0017116,Smells_Like_Cheese,2.0,,2.0,2.0,,2
rw10407458,mpicoloramos,-2.0,,,,1.0,-1
rw2639109,morphricky,-1.0,,1.0,1.0,,-1
rw0017102,laffinsal,1.0,,1.0,2.0,,2
rw8036847,kaicesarbr-75220,1.0,,,1.0,,1
rw1270282,Lady_Targaryen,1.0,,,,,1
rw10409883,imdbfan-0878339407,2.0,2.0,,2.0,,2
rw2174255,tavm,0.0,1.0,,1.0,,1
rw10439399,lukedaking,-2.0,-2.0,,,-2.0,-2
rw10392322,imdbfan-1897178695,-2.0,-1.0,-2.0,,-1.0,-2
rw10388881,scottgmckenzie,-1.0,-1.0,-2.0,0.0,,-1
rw10402663,rsspjcwh,-1.0,-1.0,-2.0,0.0,,-1
rw10398158,mjnqmrcg,-2.0,-2.0,-1.0,1.0,,-1
rw10389347,sp4wn3r,-2.0,-1.0,-2.0,-1.0,,-2
rw10389412,AA-Jay,-2.0,-2.0,-2.0,,,-2
rw10392504,felicity-fairy,-1.0,,,,-1.0,-1
rw10392030,imdbfan-9161380482,-2.0,,,-1.0,,-2
rw10400457,eimanfarid,-2.0,,-2.0,,,-2
rw10401772,consumer-netherlands,-2.0,-2.0,-2.0,-2.0,,-2
rw10390076,vrabecja,-2.0,-2.0,-2.0,,,-2
rw10390888,iltonysverbel,-2.0,-1.0,-1.0,-1.0,,-2
rw10397641,Sahil55,-2.0,-2.0,-2.0,,,-2
rw10405499,FistoArt,-2.0,,,,,-2
rw10391999,ernestobladins,-1.0,1.0,-2.0,,-1.0,-1
rw10401666,imdbfan-0648695883,-2.0,,-2.0,,,-2
rw10395561,colinohehir,1.0,1.0,,,,1
rw10405273,abdullahkhanniazi-94434,-2.0,-1.0,0.0,,-2.0,-2
rw10400196,Drat1964,,,-1.0,,,-1
rw10401468,imdbfan-4964290220,-2.0,-2.0,-2.0,,,-2
rw10392675,emmakmmorgan,-1.0,-1.0,,,,-1
rw10395799,ZENITHSOE,-2.0,-2.0,-2.0,,,-2
rw10394421,crazy_hetalia_fan,1.0,1.0,1.0,0.0,,1
rw10425688,tishtash1000,0.0,,,1.0,,1
rw10393857,killtheking-47941,-1.0,,-2.0,,-1.0,-1
rw10391236,imdbfan-7763136519,-2.0,-2.0,-2.0,,,-2
rw10422359,TheRedMo,-2.0,-2.0,-2.0,,,-2
rw10391225,Carolyn_Channing,-1.0,-1.0,0.0,-1.0,-1.0,-1
rw10392234,billskag,-2.0,-1.0,-2.0,,,-2
rw10400029,naghmanarshad,-2.0,-2.0,-2.0,,,-2
rw10409727,imdbfan-8620923705,-2.0,-2.0,,,,-2
rw10396346,hense-28625,-2.0,-2.0,,,,-2
rw10394878,rcaito1419,0.0,-1.0,-1.0,1.0,1.0,1
rw10409747,anonymous-60980,-1.0,,-1.0,,-1.0,-2
rw10390887,imdbfan-6349936374,-1.0,1.0,-1.0,1.0,,-1
rw10391287,imdbfan-2746875552,-2.0,-2.0,-2.0,-2.0,,-2
rw10396159,redrachfit,-2.0,0.0,-2.0,-1.0,,-2
rw10395385,bethanyswanson725,0.0,-1.0,1.0,1.0,0.0,1
rw1303218,Hitchcoc,1.0,,,,2.0,2
rw10408845,endracnt,-2.0,-2.0,-2.0,,,-2
rw10408206,aaronsace,-2.0,-1.0,-1.0,-2.0,,-2
rw10397321,lmmmmmmm,-2.0,-1.0,-2.0,,,-2
rw10400963,imdbfan-0805940922,-2.0,-2.0,,,,-1
rw10400984,sasijerbi,-2.0,,,,,-2
rw10393210,melvillek112,-2.0,-2.0,,,-2.0,-2
rw10425437,imdbfan-8925321502,0.0,1.0,1.0,0.0,,1
rw10395527,fishstep,1.0,-1.0,-1.0,-1.0,1.0,1
rw10397492,svpinut,-2.0,-2.0,,0.0,,-2
rw10408118,AuxiAuxi,-1.0,,,,-1.0,-2
rw5580197,drqshadow-reviews,0.0,2.0,0.0,,0.0,0
rw10400846,mdredoyofficial,-2.0,-2.0,-2.0,,,-2
rw10401059,imdbfan-3220364227,-2.0,,,,,-2
rw10417361,imdbfan-2028063002,-2.0,,,,,-2
rw10393057,Filmrecensenten,-2.0,-2.0,1.0,-2.0,,-2
rw10390831,wmurphy-37462,-2.0,-1.0,,,,-2
rw10410328,jojoredfox22-647-782613,1.0,2.0,2.0,1.0,2.0,1
rw10398029,Rodrigo_01,-2.0,-1.0,-2.0,,,-2
rw10403875,geraldblaceri,-2.0,-2.0,-2.0,,,-2
rw10408058,jjeffreym,-2.0,-1.0,,,,-2
rw10397941,imdbfan-8437393605,-2.0,-2.0,-2.0,,,-2
rw10404482,hammoudraghid-97223,,-2.0,,,,-2
rw10400637,Kuks_19,-2.0,-1.0,-2.0,,-2.0,-2
rw10388717,cricketbat,-1.0,-2.0,1.0,-1.0,,-1
rw10397247,NageTopGun,-2.0,-2.0,-2.0,,-2.0,-2
rw10396534,jaskicedin,-2.0,-2.0,-2.0,,,-2
rw10425192,franjav23,,,-1.0,1.0,,0
rw10412865,mortradio,-2.0,-2.0,-2.0,-1.0,-2.0,-2
rw10401145,Omar-f-t-1994,-2.0,-2.0,-2.0,-2.0,,-2
rw10400703,martijnaschutz,-2.0,,0.0,-2.0,,-2
rw10417413,imdbfan-5856004933,-2.0,,-1.0,-1.0,,-2
rw10396671,fionajanssen,-2.0,-2.0,,0.0,,-2
rw10397530,imdbfan-4822454342,-2.0,-1.0,,,-1.0,-2
rw10425260,aschiraya,1.0,1.0,1.0,1.0,,1
rw10392594,jonathankitavi,1.0,2.0,,,1.0,1
rw10424227,imdbfan-9059809196,-2.0,-1.0,-2.0,-1.0,,-2
rw10396286,casasolanorisse,-2.0,-2.0,,,,-2
rw10400672,RecklessTurtle,-2.0,1.0,-2.0,,-1.0,-1
rw10407282,hasin-53586,-2.0,-2.0,-1.0,,,-2
rw10400899,imdbfan-7809693476,,,-2.0,,-1.0,-2
rw10395150,sonal-08699,-2.0,-2.0,-2.0,-1.0,,-2
rw10406665,imdbfan-2657971687,-2.0,-2.0,-1.0,-1.0,,-2
rw10392635,imdbfan-1119755024,0.0,,1.0,1.0,1.0,1
rw10391576,RoyRxsh,0.0,,-1.0,,,1
rw10395896,zdhcb,-2.0,,-2.0,,-2.0,-2
rw10407939,imdbfan-6802772223,-2.0,-2.0,-1.0,-2.0,,-2
rw10400747,foolishcop-48489,-2.0,-2.0,,,,-2
rw10397356,E-Hortn,-2.0,-1.0,-2.0,,-2.0,-2
rw10398256,miaamer-81078,-1.0,-2.0,-2.0,,,-2
rw10396430,wjmcginn-59112,1.0,2.0,1.0,1.0,1.0,1
rw10391220,ericknupp,-1.0,1.0,1.0,-1.0,0.0,0
rw10391437,MagicMagicHoarderDance,-2.0,,-2.0,,-2.0,-2
rw10407501,imdbfan-2546281667,-2.0,-2.0,-2.0,-2.0,,-2
rw10407997,imdbfan-5600150956,-2.0,,-2.0,,-2.0,-2
rw10400653,imdbfan-9103893833,-2.0,-2.0,-2.0,,,-2
rw10411547,imnobody-40041,-2.0,-2.0,-2.0,,,-2
rw10400464,rwertz1-809-693740,1.0,1.0,-1.0,1.0,,1
rw10397897,gjmyaya,1.0,,1.0,2.0,1.0,1
rw10395339,utcrystal,-2.0,,1.0,,-1.0,-1
rw10395949,imdbfan-0495178318,-2.0,,,,,-2
rw10420184,Jakeyboehm,-2.0,-2.0,-2.0,,,-2
rw10397677,chrismap-12150,-1.0,,,-1.0,,-1
rw10407938,deaneaston,-2.0,,-2.0,,-2.0,-2
rw10403328,imdbfan-8254459112,-2.0,-2.0,,,,-2
rw10420003,mikermcdougall,1.0,1.0,1.0,1.0,,1
rw10393147,mxbrecher,0.0,1.0,2.0,-1.0,,1
rw10400289,pimisi,-2.0,,,,-1.0,-1
rw10400043,imdbfan-2490207482,-1.0,-1.0,1.0,,,-1
rw10397765,murphysenigma,-2.0,,-2.0,,,-2
rw10392792,bridgetterecinos,-1.0,1.0,,1.0,-1.0,0
rw10407524,imdbfan-2812577922,-2.0,-2.0,-2.0,,-2.0,-2
rw10407898,imdbfan-5988389409,-2.0,,-2.0,,,-2
rw10406967,joe_the_blade,-1.0,-1.0,1.0,-1.0,,-1
rw10407581,imdbfan-3399420252,-2.0,,-2.0,,,-2
rw10407283,imdbfan-5480780548,-2.0,-2.0,-2.0,,,-2
rw10429411,Audrey_Zed,1.0,1.0,1.0,1.0,,1
rw10398632,K0LZ,-2.0,,,,-1.0,-2
rw10407285,imdbfan-0159900425,-2.0,,-2.0,-2.0,,-2
rw10407435,nfjrnfzd,-1.0,-1.0,-1.0,,0.0,-2
rw10400338,imdbfan-2602988860,-2.0,-2.0,-2.0,,,-2
rw10395211,pkrevolutionist,-1.0,-1.0,-1.0,-1.0,,-1
rw10407781,imdbfan-3183746162,-2.0,-2.0,-2.0,,,-2
rw10407776,adama1x,-2.0,-2.0,-2.0,,,-2
rw10412175,imdbfan-2360311063,-2.0,-2.0,-2.0,-2.0,-2.0,-2
rw10406915,yashbee,-2.0,-2.0,-2.0,-2.0,,-2
rw10403126,zareens,-2.0,-2.0,-2.0,,-2.0,-2
rw10415068,cassmcbride-44072,1.0,1.0,1.0,,1.0,1
rw10404207,danjelhysenajbosi,-2.0,,,,,-2
rw10395396,imdbfan-2544876146,-2.0,-1.0,-2.0,-2.0,,-2
rw10398637,imdbfan-8736843399,-2.0,1.0,1.0,,-1.0,-1
rw10407185,jorgestalling,-2.0,-2.0,-2.0,,-2.0,-2
rw10395781,justinstewart-37636,-2.0,-2.0,-2.0,,,-2
rw10399118,elginlam-08455,-2.0,-2.0,-2.0,-2.0,-2.0,-2
rw10395225,imdbfan-2830344968,-2.0,,,,-2.0,-2
rw10395226,fatpuffin-572-191416,-2.0,-1.0,-2.0,,,-2
rw10395941,surveysforweston,-2.0,-2.0,-2.0,,-2.0,-2
rw10396376,imdbfan-4256212916,-1.0,-1.0,,-1.0,,-1
rw10413773,saileach-96471,-2.0,-2.0,-2.0,-2.0,,-2
rw10405191,imdbfan-2439287013,1.0,,0.0,,1.0,1
rw10421858,imdbfan-9600517406,-2.0,-1.0,,,,-2
rw10407013,imdbfan-5433339862,-2.0,-1.0,,,-2.0,-1
rw10400976,imdbfan-8652017365,-1.0,0.0,-2.0,1.0,,-1
rw10399392,oblivion-65043,-2.0,,-2.0,,,-2
rw10394626,Jacobymugatu,-2.0,-2.0,,-2.0,,-2
rw10400436,imdbfan-0811500157,-2.0,-2.0,,,-1.0,-2
rw10396848,imdbfan-9104718744,-1.0,-1.0,-1.0,-1.0,,-1
rw10411175,cfltotalhealthcsj,-2.0,-1.0,-1.0,,,-1
rw10391024,jmljr-81488,1.0,,1.0,1.0,1.0,1
rw10395500,krmondejar,1.0,1.0,,1.0,1.0,1
rw10394988,kaitlinlmoore,-2.0,-2.0,-2.0,,,-2
rw10395514,alexanderbahchevanov1,-2.0,-1.0,-2.0,1.0,,-2
rw10398824,rafaelsalvan,-2.0,-2.0,-2.0,-2.0,,-2
rw10396570,banky-19550,-2.0,-2.0,,,-2.0,-2
rw10395071,dawnmhudspeth,-1.0,-1.0,-2.0,,,-2
rw10398895,imdbfan-8732080241,-2.0,-2.0,,-2.0,,-2
rw10426008,Kirpianuscus,-1.0,-1.0,,,-1.0,-1
rw10400130,fcper,-1.0,-1.0,-2.0,,,-2
rw10390986,harrisononimdb,-2.0,-2.0,,,,-2
rw10397568,ritaoleam,0.0,2.0,1.0,1.0,,1
rw10398318,imdbfan-4736927373,0.0,1.0,1.0,0.0,,1
rw10395168,rmacachek,-1.0,,-1.0,,,-1
rw10407550,james-g-jordan13,-2.0,-1.0,-2.0,,,-2
rw10395163,dwebster83,-2.0,-2.0,-2.0,,,-2
rw10394296,kevin_robbins,1.0,2.0,,,1.0,1
rw10407735,imdbfan-1366856157,-2.0,-2.0,,,,-2
rw10394157,mdstueve-1,-2.0,-2.0,-2.0,,,-2
rw10398552,matsulle-99278,-2.0,-2.0,-1.0,,,-2
rw10393464,dryrun,-2.0,-1.0,,,,-2
rw10391309,vent89-802-230910,-2.0,-1.0,,-1.0,,-2
rw10389891,namob-43673,-2.0,-1.0,,,,-1
rw10410538,lijppie,-2.0,,,,,-2
rw10395247,imdbfan-0739030598,-2.0,-2.0,-2.0,,-1.0,-2
rw10405310,1492problems,0.0,-1.0,-1.0,,1.0,1
rw10406746,MunaymReviews,-2.0,-2.0,-2.0,-2.0,,-2
rw10423916,KrMaCoW,-2.0,-2.0,-2.0,-2.0,,-2
rw10391456,imdbfan-5018250093,-1.0,-1.0,,-1.0,-1.0,-2
rw10396656,Simonscoop,-1.0,-1.0,-1.0,-1.0,,-1
rw10404809,MovieCriticOnline,-2.0,-1.0,-2.0,,-1.0,-2
rw10391050,imdbfan-2468280347,-1.0,-2.0,-2.0,-2.0,-1.0,-2
rw10416205,sahaz,-2.0,-2.0,-2.0,-2.0,,-2
rw10414227,imdbfan-3353700985,-2.0,-1.0,-2.0,-1.0,-2.0,-2
rw10416323,imdbfan-6670712687,-2.0,,0.0,,,-1
rw10397494,imdbfan-8132657790,-2.0,-1.0,-2.0,-2.0,,-2
rw10395263,martin-81393,-2.0,-2.0,-2.0,-2.0,,-2
rw10392241,Nico-Scaeva,-2.0,,,,-2.0,-2
rw10394798,andywheeler-11072,1.0,1.0,1.0,1.0,,1
rw10416750,imdbfan-3157206342,-2.0,-2.0,-1.0,,,-2
rw10397270,imdbfan-4098732319,-2.0,-2.0,-2.0,,-2.0,-2
rw10403834,imdbfan-4648469393,-2.0,-2.0,-2.0,,,-2
rw10394926,cliffcarson-502-470231,-1.0,-1.0,0.0,-2.0,1.0,-1
rw10402654,pfqrcgg,-2.0,-2.0,-2.0,,-2.0,-2
rw10421632,imdbfan-7397861819,-2.0,,-1.0,-1.0,,-2
rw10398134,prommie,-2.0,-2.0,-2.0,-1.0,-2.0,-2
rw10413998,imdbfan-4682530099,-1.0,-1.0,,-1.0,,-1
rw10415203,imdbfan-4934815800,-2.0,-2.0,-2.0,-2.0,,-2
rw10415239,imdbfan-5888938320,-2.0,-2.0,,,,-2
rw10413966,congminhvuong,-2.0,,,,-2.0,-2
rw10391655,Aman_Goyal,-1.0,-1.0,-2.0,,-1.0,-1
rw10420305,imdbfan-4479095457,-1.0,0.0,1.0,-1.0,,-1
rw10411566,nuaykuma,-2.0,,-2.0,,,-2
rw10412077,imdbfan-0526967414,-2.0,-1.0,-2.0,-2.0,,-2
rw10414440,Canadian_Amateur_Film_Dude,-2.0,-2.0,,-2.0,-2.0,-2
rw10411519,freefighter-10764,-2.0,-2.0,0.0,,,-2
rw10411779,shandilyaind,-1.0,2.0,1.0,,,-1
rw10417605,Callie_patricia,2.0,2.0,2.0,2.0,2.0,2
rw10418238,sendmesymbols,-2.0,-2.0,-1.0,,,-2
rw10398907,gfgmqtxw,-1.0,1.0,-1.0,,,-1
rw10397182,andrewadamsonmc,1.0,2.0,,1.0,1.0,1
rw10412065,ikata-49417,-2.0,,,,-1.0,-2
rw10395210,Chartreuse1,-2.0,-2.0,-1.0,,,-2
rw10391194,AliensReservoir,-2.0,,,,-1.0,-2
rw10399242,imdbfan-3252789485,-1.0,-1.0,-2.0,,,-1
rw10398407,FloridaMan2021,,,,,-2.0,-2
rw10429216,kubrick2899,1.0,2.0,2.0,1.0,,2
rw10398612,Kythorn30,0.0,1.0,-1.0,2.0,,1
rw10395326,waleedyousaf-32979,,-2.0,,,,-2
rw10390801,itzMoviemania,-2.0,,,1.0,,-2
rw10390494,kalininmv,-2.0,-2.0,-2.0,-2.0,,-2
rw10391375,Adepalady-The-Chocolate-Lady,-2.0,-2.0,-2.0,,,-2
rw10402179,rayyankheiri,-2.0,-2.0,,,,-2
rw10390860,imdbfan-9251139977,-1.0,-1.0,,,-1.0,-1
rw10407669,tanemau-14404,-1.0,-1.0,,-1.0,,-1
rw10399409,jmordan-77623,-2.0,,,,,-2
rw10412375,imdbfan-7965395333,-2.0,,-2.0,,,-2
rw10394563,imdbfan-3474323654,1.0,-1.0,,-1.0,1.0,1
rw10417216,imdbfan-5185592915,-2.0,-2.0,-2.0,,,-2
rw10417271,michael-fairbairn-870-209662,-2.0,-2.0,-2.0,-2.0,,-2
rw10417309,ericmontiel-23314,-2.0,-2.0,-2.0,,,-2
rw10395578,samalexander10,-1.0,,-1.0,0.0,,-1
rw10391344,deroldfuss,-2.0,-2.0,-2.0,,,-2
rw10395233,kendoll1968,1.0,,,1.0,,1
rw10398914,everomo,1.0,-1.0,1.0,1.0,,1
rw10398267,cjack-90117,-2.0,,-1.0,-2.0,,-2
rw10405698,imdbfan-3859553477,-2.0,,-2.0,,,-2
rw10405759,imdbfan-7071035980,-2.0,,-1.0,,,-2
rw10417324,flowerlovr5,-1.0,,,-1.0,,-1
rw10398144,luisalbertocamarena,-1.0,-2.0,-2.0,,,-2
rw10399894,phantasmda,-2.0,-1.0,-2.0,-1.0,,-2
rw10398834,rkdpjqhvp,-2.0,-2.0,,,-1.0,-2
rw10407284,aybwon-93745,0.0,,,,,0
rw10395929,shrekgirl482,-1.0,-1.0,,,1.0,1
rw10395682,mavigangi,0.0,-1.0,,1.0,1.0,1
rw10399442,imdbfan-7574884791,-2.0,-2.0,,,,-2
rw10404604,MovieOpinions,-2.0,-1.0,-2.0,,,-2
rw10399088,imdbfan-4077320579,-2.0,,-2.0,-2.0,,-2
rw10401537,imdbfan-1421567223,-1.0,-1.0,-1.0,-1.0,,-1
rw10394628,empiratesantos,-2.0,,,,-2.0,-2
rw10411967,imdbfan-3904000435,-2.0,,-2.0,,-2.0,-2
rw10393720,calebcalebwhitney,-2.0,-2.0,-2.0,,,-2
rw10399100,shashi_dhar71,-2.0,-1.0,-1.0,,,-1
rw10396309,MaisieDias10,1.0,1.0,1.0,1.0,1.0,1
rw10392372,kmusgrove-95976,-1.0,,,,,-1
rw10400113,imdbfan-4165590858,-2.0,-2.0,-2.0,,,-2
rw10393164,imdbfan-3170908288,-2.0,-2.0,-2.0,,,-2
rw10393299,wlgraymane,-2.0,-2.0,-1.0,-2.0,,-2
rw10403894,imdbfan-544,,-2.0,,,,-2
rw10390217,Dragonclaw747,-2.0,-2.0,-2.0,-2.0,,-2
rw10398169,nlassen-09127,-2.0,,,,-2.0,-2
rw10400061,imdbfan-0857634564,-2.0,-2.0,-2.0,,,-2
rw10390342,stevenfallonnyc77,-2.0,,,,,-2
rw10415248,chriswsimmons,-2.0,-2.0,,,0.0,-2
rw10390630,arogers321,1.0,-1.0,,,,1
rw10399914,imdbfan-7946592196,1.0,2.0,,1.0,,1
rw10390143,samueljacksonkhan,-2.0,-2.0,-2.0,,,-2
rw10399948,imdbfan-2761026019,-2.0,,,,,-2
rw10393368,hamza_hk91,-2.0,1.0,,,,-1
rw10390166,disconnectedkay,-1.0,-1.0,-2.0,,-1.0,-2
rw10398125,Jigglypuff_11,-2.0,-2.0,-2.0,,,-2
rw10413783,srmavanhoof,-2.0,1.0,,-2.0,-1.0,-1
rw10405578,Batsy1501,0.0,1.0,1.0,,0.0,1
rw10401099,DarkVulcan29,1.0,1.0,1.0,,,1
rw10390352,Error404_user_not_found,-1.0,-2.0,,,-1.0,0
rw10391675,chrisw_79,2.0,,1.0,,0.0,2
rw10429442,sncqnkg,0.0,1.0,-1.0,,,1
rw10400418,imdbfan-0584601092,1.0,1.0,1.0,1.0,,1
rw10398180,bwxpgrswc,-2.0,-2.0,,,,-2
rw10393469,elizabethjeanhampton,-1.0,-2.0,-2.0,,,-2
rw10399749,sulepvp,-2.0,-2.0,,,,-2
rw10404239,jramirez-44905,-2.0,,-2.0,,-1.0,-2
rw10394217,hakansuna,-2.0,1.0,-2.0,,-2.0,-2
rw10394428,TopTenJesus2000,-1.0,1.0,-2.0,,-1.0,-1
rw10410493,imdbfan-3414111841,-2.0,-1.0,-2.0,-1.0,,-1
rw10390487,imdbfan-3507294909,1.0,,1.0,,1.0,1
rw10419254,sexystudent999,0.0,1.0,,,,1
rw10390648,adamcfletcher-243-707764,-1.0,-1.0,1.0,,,-1
rw10390253,FayeIsabelle,-1.0,,,-1.0,-1.0,-2
rw10390999,ianmichel-39514,-2.0,,,,,-2
rw10391358,edmundos-26214,-2.0,-2.0,-2.0,,,-2
rw10391695,Alex_Naran,-2.0,,,,-2.0,-2
rw10396617,boobz-50895,-1.0,-2.0,,,,-1
rw10404782,imdbfan-8729275015,-2.0,-1.0,-1.0,,,-1
rw10410423,imdbfan-0385875960,-2.0,-2.0,,,,-2
rw10402047,ndohmann,0.0,1.0,1.0,1.0,,1
rw10390678,dangarau,-2.0,-2.0,,,,-2
rw10394012,jodysam-84910,-2.0,-2.0,-2.0,,-2.0,-2
rw10405824,pw_customs,-1.0,,-2.0,-1.0,,-1
rw10390937,kuner-59029,-1.0,,-2.0,-1.0,-1.0,-2
rw10394264,nathanvaurela,-2.0,-2.0,-2.0,,,-2
rw10397779,mgelsawi,-2.0,,,-2.0,-1.0,-2
rw10404775,tipranta-97182,-2.0,-1.0,,-1.0,,-2
rw10391088,roddydelagarza-30651,1.0,1.0,1.0,1.0,,1
rw10401004,xaberd-259-700010,1.0,1.0,,-1.0,1.0,1
rw10404751,imdbfan-3549903031,-1.0,,,,,-1
rw10404753,pafuma-146-840247,-2.0,-2.0,-2.0,,,-2
rw10396224,sachin-jhunjhun,-2.0,-2.0,,,,-2
rw10394973,PurpleProseOfCairo,-2.0,-2.0,-2.0,,,-2
rw10393265,jamesjaegerjaquez,-2.0,-2.0,-2.0,,,-2
rw10406803,ahmadsabah-28989,-2.0,-1.0,-2.0,,-2.0,-2
rw10394268,duffbeer-23473,-2.0,,,,,-2
rw10393268,missephifany,-1.0,,-2.0,,,-1
rw10396127,kjmcbrmzby,1.0,1.0,,2.0,,1
rw10390909,brennan-jones98,0.0,1.0,1.0,1.0,1.0,1
rw10392094,mfalcon64,-2.0,-1.0,-2.0,,,-1
rw10392005,fullrate,-2.0,-2.0,,,,-2
rw10392334,mattholst-78266,-2.0,-2.0,-2.0,-2.0,,-2
rw10393954,raul-verma,-1.0,-2.0,-1.0,-1.0,,-1
rw10406831,chrisupman-69040,-1.0,0.0,-2.0,1.0,,-1
rw10406581,imdbfan-5801193524,-2.0,,-2.0,-2.0,,-2
rw10392007,imdbfan-9355827226,-2.0,-1.0,1.0,,,-2
rw10395752,tabuno,1.0,1.0,,1.0,1.0,1
rw10423656,telegramsam70-458-421247,1.0,2.0,1.0,,,1
rw10391237,jeavzyl-32287,-2.0,,,,-2.0,-2
rw10392947,imdbfan-9995963034,-2.0,-2.0,-2.0,,,-2
rw10397911,milenkomile,-2.0,1.0,-2.0,,,-2
rw10394608,imdbfan-1028537247,-1.0,,1.0,-1.0,-1.0,-1
rw10392165,Vio_Edma,-1.0,-1.0,,,,-1
rw10419540,thehoff,1.0,0.0,1.0,1.0,1.0,1
rw10427142,IMDB_User_Anon,1.0,,,1.0,1.0,1
rw10398246,iramlgarcia,-2.0,-1.0,,,,-1
rw10391969,old52,-2.0,-2.0,,,,-2
rw10399897,imdbfan-1629924161,-2.0,-2.0,-1.0,,,-2
rw10392391,shadowsinthedark001,-2.0,,,,,-2
rw10392510,matthewrgreene,-2.0,,,,,-2
rw10400045,thachnam_nguyen,-1.0,-1.0,-1.0,1.0,,-1
rw10396519,kpassa,-2.0,,,,-2.0,-2
rw10400632,comps-784-38265,-1.0,-1.0,,1.0,,-1
rw10414610,imdbfan-5184745110,1.0,2.0,,1.0,,1
rw10400643,Phildevans,1.0,-1.0,,2.0,,1
rw10390757,deanhajari,-2.0,-2.0,-2.0,,,-2
rw10390987,omairajmal2007,-2.0,-2.0,,,,-2
rw10392310,Sam56800,-1.0,-2.0,-2.0,-2.0,,-2
rw10406591,imdbfan-0050514260,-1.0,-1.0,-1.0,-1.0,,-1
rw10405404,escalanteyulian-86876,-2.0,-2.0,1.0,,,-2
rw10406742,Pawrabid,-2.0,-2.0,-2.0,,,-2
rw10394760,chogan9,0.0,-2.0,,,0.0,0
rw10419545,Skamiiii,-2.0,-2.0,-2.0,-2.0,,-2
rw10405582,adrian-eljasiak,-2.0,-1.0,,-1.0,,-2
rw10393273,courtlandm,-2.0,-2.0,-2.0,,,-2
rw10393048,willbevm,-1.0,-2.0,-2.0,-1.0,,-1
rw10395713,imdbfan-8007688793,-2.0,-2.0,-2.0,-2.0,-2.0,-2
rw10404276,imdbfan-2786279369,-2.0,-2.0,-2.0,-2.0,,-2
rw10404176,imdbfan-7809424351,-2.0,-2.0,,-2.0,-1.0,-2
rw10390799,robert_readinger,1.0,1.0,,,,1
rw10393671,gabocol-30955,0.0,-1.0,1.0,-1.0,,0
rw10404311,imdbfan-2861644862,-2.0,-2.0,,,,-2
rw10404161,imdbfan-1849453673,,,,,,-2
rw10394276,imdbfan-5953223651,1.0,,,,,1
rw10416779,imdbfan-2594323873,-2.0,-1.0,-2.0,-2.0,,-2
rw10396035,chrissimonsen-13360,-2.0,-2.0,,-2.0,-2.0,-2
rw10404354,imdbfan-2305417781,-2.0,-1.0,-2.0,-2.0,,-2
rw10416792,imdbfan-8176731017,-2.0,-1.0,-2.0,,,-2
rw10403811,ryallica-29961,-2.0,,,,,-2
rw10396767,matigill-539-163523,0.0,2.0,1.0,2.0,,1
rw10414465,honest_rating,-1.0,1.0,,,,1
rw10391804,akpeterparker,-1.0,1.0,,0.0,-1.0,-1
rw10403842,madabmus,-2.0,-1.0,-2.0,0.0,,-1
rw10426218,amin-29172,-2.0,-2.0,,,,-2
rw10404324,j-tsukineko,-2.0,-1.0,-2.0,-1.0,,-2
rw10414129,imdbfan-8266765402,-2.0,,,-2.0,,-2
rw10416613,imdbfan-5870498245,-2.0,-2.0,-2.0,-2.0,-2.0,-2
rw10402534,bo_hessin,-2.0,,,,-2.0,-2
rw10416681,imdbfan-8824710131,-2.0,-2.0,,,,-2
rw10400818,comanchea,-2.0,,,,-1.0,-2
rw10402108,chammouth,0.0,2.0,-1.0,,1.0,-1
rw10397119,asha_cole,1.0,1.0,1.0,2.0,,2
rw10416332,imdbfan-8839881115,-2.0,-2.0,-2.0,,-2.0,-2
rw10399535,kskcstw,-2.0,-1.0,,,,-2
rw10402520,antiokh,-1.0,-1.0,-1.0,,0.0,-1
rw10416409,imdbfan-8595696363,-2.0,-2.0,-2.0,,-2.0,-2
rw10416693,imdbfan-0930682130,-2.0,1.0,,,,-2
rw10416354,imdbfan-6369623390,-2.0,,-2.0,-2.0,,-2
rw10390983,cutie7,1.0,1.0,,,1.0,1
rw10402676,imdbfan-8026870624,-1.0,,,-2.0,-1.0,-1
rw10393976,ygfwxzvw,1.0,2.0,2.0,,1.0,1
rw10396157,TotoReviews,-2.0,,-2.0,,,-2
rw10398007,rodozul,-2.0,,-2.0,,,-2
rw10404610,tchitouniaram,-1.0,,,,-1.0,-1
rw10398159,lucasvanhoutven,-2.0,,,,,-1
rw10392097,fleetwayarchieidw,-2.0,,,,,-2
rw10392992,ioannisnikandros,-2.0,-2.0,,1.0,,-1
rw10398096,emrod-46002,-2.0,-2.0,,,,-2
rw10396921,ggxzbrt,-2.0,1.0,-2.0,2.0,,-1
rw10397084,markflorida-55401,-1.0,-2.0,,1.0,,-1
rw10405672,chapplaystation,-2.0,-2.0,-2.0,,,-2
rw10432152,imdbfan-5093337968,-1.0,2.0,1.0,1.0,,1
rw10407052,dannyidep,1.0,,-1.0,2.0,,1
rw10392756,imdbfan-6364699598,,,-2.0,-2.0,,-2
rw10392738,ronfinsfan,-2.0,-2.0,,,,-2
rw10391955,pcarlssons-32546,-2.0,-2.0,-2.0,-1.0,,-2
rw10404304,uhetfpxfg,-2.0,,-2.0,,,-2
rw10394950,danielgrynines,0.0,,,,1.0,0
rw10428477,imdbfan-6005998812,-2.0,,-2.0,,,-2
rw10397711,m_faramarzi,,-1.0,-1.0,,,-1
rw10397357,orchy-21169,-2.0,,,,-1.0,-1
rw10395658,andielaps,-2.0,-2.0,-2.0,,,-2
rw10405975,virkabdullah,-2.0,-2.0,-2.0,,,-2
rw10404456,anitachrisley,-2.0,,-2.0,-2.0,,-2
rw10404646,leonelleandro,-2.0,-2.0,-2.0,,,-2
rw10398469,alwazewatching,-2.0,-2.0,,,-2.0,-2
rw10398782,wtxdrtsm,1.0,1.0,,2.0,,1
rw10397792,imdbfan-4503179206,,-2.0,-2.0,,-1.0,-2
rw10397139,thedarkreprise,-2.0,-2.0,-2.0,,-2.0,-2
rw10397749,lagger-boyie,-2.0,-1.0,-2.0,,-2.0,-2
rw10395705,nitelak-11560,-2.0,-2.0,,,,-2
rw10397435,jenzabd,-2.0,-1.0,,,-1.0,-1
rw10405998,imdbfan-4852300320,-2.0,-2.0,,,,-2
rw10432125,krys-03592,,,1.0,1.0,1.0,2
rw10428962,lauraruthloney,0.0,,-1.0,2.0,,0
rw10396391,talel-02642,-2.0,,,-1.0,,-2
rw10397926,swilkens-70825,-2.0,-2.0,-2.0,-2.0,-2.0,-2
rw10395067,YukiTouhou,-2.0,-2.0,-2.0,,,-2
rw10391840,dwkdsx,-2.0,-2.0,,,,-2
rw10406797,engrzeeshankhanniazi-64376,-2.0,-2.0,-2.0,,-2.0,-2
rw10390147,imdbfan-1599100141,-1.0,-2.0,0.0,,,-1
rw10393340,icminindy,-2.0,-1.0,-2.0,-1.0,-2.0,-2
rw10393159,akmalaries,,-2.0,0.0,,,-2
rw10420302,lindsayhover,1.0,0.0,,1.0,,1
rw10390592,imdbfan-3934603421,-1.0,-1.0,-2.0,-1.0,,-2
rw10390226,imdbfan-2487275822,-1.0,0.0,-1.0,1.0,,-1
rw10391599,mmueller-luedenscheid,-2.0,,,,-2.0,-2
rw10404769,imdbfan-5691458197,-2.0,,,,,-2
rw10393190,pjhender,-2.0,-1.0,,0.0,,-2
rw10430782,katelyn-90293,1.0,1.0,,1.0,,1
rw10393207,manueljose410,1.0,2.0,2.0,1.0,,1
rw10391413,Eric_Tweener,0.0,,-1.0,1.0,,0
rw10404785,imdbfan-3009972016,-2.0,-2.0,-2.0,-1.0,-2.0,-2
rw10398841,imdbfan-2589828701,-1.0,-2.0,,,,-2
rw10398023,imdbfan-1449910010,-2.0,,,,-1.0,-2
rw10394435,deanmiller-41809,-2.0,,,,-1.0,-2
rw10398338,imdbfan-5144965804,-2.0,-2.0,-1.0,,-1.0,-2
rw10396251,kcuth-67953,-2.0,-2.0,,,,-2
rw10398230,DonPedro99,-2.0,,-2.0,,-1.0,-2
rw10392815,imdbfan-9456142087,-2.0,-2.0,-2.0,,,-2
rw10401745,imdbfan-8039608347,1.0,,,1.0,1.0,1
rw10389380,vinsond21,0.0,1.0,,-1.0,,0
rw10405047,imdbfan-8329874283,-2.0,-1.0,-1.0,,,-1
rw10397525,Harun_Karali,-2.0,-2.0,,,,-2
rw10397245,imdbfan-3637242275,-2.0,-2.0,,,,-2
rw10392465,Rocklin_Thomas,2.0,,2.0,2.0,2.0,2
rw10422925,nofilhasan,1.0,2.0,1.0,1.0,,1
rw10395367,drinylajqi,-2.0,-2.0,-1.0,,-2.0,-2
rw10393549,banana-pancake-03945,1.0,,,,,1
rw10422397,imdbfan-2982001486,-2.0,-1.0,-2.0,,,-2
rw10392293,SimplyMeKaty6,-1.0,-1.0,,-1.0,,-1
rw10398739,noah_1991,-2.0,,-2.0,,,-2
rw10408205,spectrejazz,1.0,2.0,,1.0,,1
rw10396919,imdbfan-9593822279,-1.0,,-2.0,,,-1
rw10396101,MovieGotti,-1.0,-1.0,-1.0,-1.0,-1.0,-2
rw10404973,imdbfan-4858899709,-2.0,-2.0,,,,-2
rw10404293,ocooperludwell,-2.0,-2.0,-2.0,,,-2
rw10432017,VictorF-9,-2.0,,-1.0,,,-2
rw10394776,andreolimarco,,1.0,1.0,1.0,,1
rw10395198,bettytut,-2.0,,-2.0,,,-2
rw10404428,imdbfan-1696408913,-2.0,-1.0,,-1.0,,-2
rw10404565,Pericles-Thinking,-1.0,-2.0,1.0,,,-1
rw10393515,matthewmcguire-74247,-2.0,-2.0,0.0,0.0,,-2
rw10404910,imdbfan-3496221061,-2.0,-2.0,-1.0,,,-2
rw10394725,fpypzzqhxy,,,,,,-2
rw10394146,patrick-whelan-525-633473,-2.0,,,,,-2
rw10394195,tioluwanimioluokun,-2.0,-1.0,-2.0,-1.0,-2.0,-2
rw10396408,Sarahbrab,-2.0,-2.0,,,,-2
rw10395751,ceplion,-2.0,-1.0,-1.0,1.0,,-2
rw10398051,imdbfan-9895219853,-2.0,,-2.0,0.0,,-2
rw10397773,imdbfan-9013858955,-2.0,-2.0,,,,-2
rw10397088,imdbfan-2369533358,-2.0,-2.0,-2.0,1.0,,-1
rw10404181,imdbfan-8753017675,-2.0,-2.0,-1.0,-2.0,,-2
rw10395984,TheMovieWatchingPsycho,-2.0,-2.0,,,,-2
rw10394360,marcotony-17132,-2.0,-2.0,,-1.0,,-2
rw10409298,pronyuliia,1.0,2.0,,2.0,,1
rw10395812,imdbfan-1253626810,1.0,1.0,1.0,1.0,,1
rw10417008,imdbfan-5910637353,-2.0,-2.0,,,,-2
rw10394123,andrewproc,-2.0,-2.0,0.0,,,-2
rw10404081,boardy-46184,,-1.0,-2.0,,,-2
rw10398938,Sandra-durand80,-2.0,-1.0,,1.0,,-2
rw10404195,RellikS-,-2.0,,-2.0,,,-2
rw10397246,silkyrxse,-2.0,-1.0,-2.0,-1.0,,-2
rw10396352,holstent-50992,-2.0,-2.0,,,-2.0,-2
rw10439986,imdbfan-66082,-1.0,1.0,,,,-1
rw10391196,cjstriker-86070,1.0,2.0,,2.0,1.0,1
rw10395582,phylliscombs-39674,0.0,1.0,-1.0,1.0,,0
rw10404346,imdbfan-8619715854,-2.0,0.0,-2.0,,,-2
rw10397052,imdbfan-6337231720,-2.0,-2.0,,,-1.0,-2
rw10393733,onedaim,-2.0,,-1.0,,-1.0,-1
rw10440459,tanujs-81375,-2.0,-2.0,-2.0,,,-2
rw10397408,imdbfan-4476020781,-2.0,,,,,-2
rw10395696,patsawhill,1.0,2.0,-1.0,1.0,,1
rw10397440,lukesilver,-2.0,-2.0,,-2.0,,-2
rw10394763,manoske,-1.0,1.0,-1.0,0.0,,-1
rw10404334,emmanperry,-2.0,-2.0,-2.0,,,-2
rw10401228,nataliemironyuk,-1.0,-2.0,-1.0,,,-1
rw10394519,sk-41206,-2.0,-2.0,-2.0,,,-2
rw10394432,jareddiddoit,-2.0,-2.0,-2.0,-2.0,,-2
rw10395564,imdbfan-4136172787,-2.0,-2.0,,,-2.0,-2
rw10394039,abishekjain-60630,-2.0,,-2.0,,,-2
rw10416825,IbrahimRM7,-2.0,-2.0,-2.0,,,-2
rw10416984,Sosojana,-2.0,-2.0,-2.0,,,-2
rw10404277,imdbfan-5774725059,-2.0,-2.0,-2.0,,,-2
rw10398709,imdbfan-4002580285,-2.0,,,-2.0,,-2
rw10405428,imdbfan-6440835452,-2.0,-2.0,-2.0,-2.0,,-2
rw10406627,imdbfan-3564128566,-2.0,-2.0,-2.0,-2.0,,-2
rw10426132,imdbfan-7310433493,-2.0,-2.0,,-2.0,,-2
rw10397836,imdbfan-0712291938,1.0,,1.0,,,1
rw10417098,imdbfan-9002889946,-2.0,,,,,-2
rw10396420,ftbnwg,-2.0,-2.0,-1.0,,,-2
rw10396099,wderitz,-2.0,-1.0,-1.0,,,-2
rw10397869,imdbfan-1820664430,-2.0,-1.0,,-2.0,,-2
rw10403435,danrrv,-2.0,1.0,-2.0,,,-2
rw10396020,gregoryondey,-2.0,-1.0,-2.0,,,-2
rw10409886,imdbfan-1128034271,0.0,1.0,2.0,1.0,,1
rw10420504,Avickbrah,1.0,1.0,1.0,,,1
rw10404728,imdbfan-5544249411,,,,1.0,,-2
rw10396187,MovieCritic86,-2.0,-2.0,,,,-2
rw10417307,imdbfan-1158005344,-1.0,-1.0,,,,-1
rw10394754,ckhyzar,-2.0,-2.0,-2.0,,-2.0,-2
rw10402448,sanjitmajumdar,-2.0,-2.0,,,,-2
rw10402420,imdbfan-8772517372,-2.0,-2.0,-2.0,,-1.0,-2
rw10400886,khoostveen,-2.0,,-2.0,,,-2
rw10400921,cbq-37459,-1.0,-1.0,-1.0,,,-1
rw10420185,imdbfan-7435659243,1.0,2.0,1.0,2.0,,1
rw10395082,toxicmilkshake17,-1.0,1.0,,1.0,,1
rw10400834,maftosmes,-2.0,-2.0,,,,-2
rw10402718,dantharpe,-2.0,-2.0,-2.0,,,-2
rw10403323,imdbfan-0817149570,-1.0,,0.0,,,-1
rw10400663,skjsti,-1.0,-2.0,-2.0,,,-2
rw10402530,Unequivocalness,-2.0,-1.0,-2.0,-2.0,,-2
rw10418854,alansano,-2.0,-1.0,-2.0,,,-2
rw10432298,kfnycds,1.0,,1.0,0.0,,1
rw10395299,sallyataylor,0.0,1.0,,1.0,,1
rw10416100,imdbfan-6477259011,-2.0,-2.0,-1.0,-2.0,,-2
rw10416085,imdbfan-7365666712,-1.0,-1.0,-1.0,,,-2
rw10414236,imdbfan-9018527666,-2.0,-2.0,,,,-2
rw10414252,imdbfan-8106291639,-1.0,,,,,-2
rw10439252,bigdaddy_red,-2.0,-2.0,-2.0,,-2.0,-2
rw10403118,imdbfan-2580524650,-2.0,-2.0,-2.0,,,-2
rw10402643,imdbfan-0074882462,-2.0,,,,,-2
rw10402134,imdbfan-4093463673,-2.0,-2.0,-2.0,,,-2
rw10395468,imdbfan-3101671885,1.0,2.0,0.0,1.0,,1
rw10418410,aliciasteagall,1.0,,,1.0,1.0,1
rw10402135,bloodpickle,-2.0,-2.0,-2.0,,,-2
rw10403189,imdbfan-7819901313,-2.0,-2.0,,,,-2
rw10395585,saenzcat,1.0,1.0,,,,1
rw10402597,eshahfaisal,-2.0,,-1.0,-1.0,-2.0,-2
rw10403167,wizardniu,-1.0,-1.0,,,,-1
rw10400788,imdbfan-2778354667,-2.0,-2.0,-2.0,,,-2
rw10402491,pauldavid-65023,-2.0,-1.0,-2.0,,,-2
rw10403841,justynshere,-2.0,,,,-1.0,-1
rw10414179,imdbfan-3146633010,-2.0,,-2.0,,,-2
rw10392500,imdbfan-7081208564,1.0,,1.0,,1.0,1
rw10411764,imdbfan-5818591047,-2.0,,-1.0,-1.0,-1.0,-1
rw10391472,ludaaa-96957,-2.0,-1.0,,,,-1
rw10426154,imdbfan-0370511296,-1.0,1.0,-2.0,-2.0,,-1
rw10395540,imdbfan-7160182121,-2.0,,,,,-2
rw10404639,imdbfan-8245617315,-2.0,-2.0,-1.0,-2.0,,-2
rw10395900,scrooster,-2.0,,,,,-2
rw10394255,ekennedy-78430,-2.0,-1.0,,,,-2
rw10402500,jaredlmaybury,,,,,,-2
rw10390059,plazadegaby,1.0,2.0,,1.0,,1
rw10394247,shay-67903,-1.0,-1.0,,,1.0,0
rw10394555,wjkennedy-49438,-2.0,-2.0,-2.0,-2.0,,-2
rw10396512,jacky-235-228405,-2.0,-1.0,-1.0,-2.0,,-2
rw10394222,lbfr-11978,-1.0,-2.0,,,,-2
rw10395193,Sulaimani94,-2.0,-2.0,-2.0,,-1.0,-2
rw10395069,ytvywfk,-2.0,-2.0,,,,-2
rw10394418,godzilabob,,,,,-1.0,-2
rw10395292,Pouia,-2.0,-2.0,,,,-2
rw10398886,robh951,-2.0,1.0,-2.0,,-1.0,-2
rw10404134,NonBiasedReview,-1.0,,-1.0,,-1.0,-1
rw10391629,vernamorse,0.0,1.0,0.0,1.0,,1
rw10414756,rstanton-64075,0.0,,1.0,-1.0,1.0,1
rw10404757,imdbfan-8466342179,-1.0,-1.0,-1.0,-1.0,,-1
rw10395908,drwebinstein,-2.0,-2.0,,,,-2
rw10404702,hussaincheema,-1.0,-1.0,,,,-1
rw10404116,imdbfan-0081500083,-2.0,,-2.0,,,-2
rw10406272,mattaustin-63158,-2.0,-2.0,-2.0,,,-2
rw10411901,imdbfan-9757284469,-2.0,-2.0,-2.0,-1.0,,-2
rw10400507,imdbfan-2643944323,1.0,,,1.0,,1
rw10398644,LondonMovieMad,,,,1.0,1.0,1
rw10395053,imdbfan-0418137898,-1.0,0.0,,,,-1
rw10394122,imdbfan-6921783143,-2.0,,-2.0,0.0,,-1
rw10393802,jamesroberthamilton-27861,-2.0,-2.0,-2.0,-2.0,,-2
rw10393599,imdbfan-0771348156,-1.0,-1.0,-2.0,,,-2
rw10404090,ariellaaranel,-2.0,-2.0,-2.0,,,-2
rw10405241,imdbfan-5715995827,-1.0,-1.0,0.0,-1.0,,-1
rw10397198,imdbfan-3693593997,-2.0,-2.0,-2.0,,,-2
rw10394986,fuel-92797,-2.0,-2.0,-2.0,,,-2
rw10401007,stwill24,1.0,1.0,,2.0,,1
rw10404516,adamapollo-55597,0.0,1.0,1.0,,1.0,1
rw10401285,psmartsupply,-2.0,-2.0,-2.0,,,-2
rw10434596,AbigailG-7,-2.0,1.0,-2.0,0.0,,-2
rw10393821,lordkgd,-2.0,-2.0,,,,-2
rw10416912,willjmcintosh,-2.0,-2.0,-2.0,,-1.0,-2
rw10405159,imdbfan-5286909406,-2.0,,-2.0,,,-2
rw10402766,twanster-97655,-2.0,-2.0,-2.0,0.0,,-2
rw10396078,hardspartan,-2.0,,,,,-2
rw10405316,imdbfan-4497753937,-2.0,,,,-2.0,-2
rw10407186,imdbfan-2431694795,1.0,0.0,,1.0,,1
rw10392336,TheOneThatYouWanted,-2.0,-2.0,,-2.0,-2.0,-2
rw10393843,smoothmaniax,-2.0,,,,,-2
rw10404225,abassinkk,,-2.0,,,,-2
rw10426128,grapegirlfine,-1.0,-2.0,-1.0,-1.0,,-1
rw10394548,gagr-02824,-2.0,0.0,,,,-1
rw10396442,asalkhirolomour,-2.0,-2.0,-2.0,,,-2
rw10399219,yannickgaraypineiro,-2.0,-2.0,-2.0,-2.0,,-2
rw10398627,ahmed-yousif20,-2.0,-2.0,-2.0,,,-2
rw10398857,reganafairley,1.0,1.0,1.0,-1.0,,1
rw10404957,stareyes-72,0.0,1.0,-1.0,,,1
rw10396620,hussain_sameena,-2.0,-2.0,-2.0,,,-2
rw10405813,imdbfan-8268473105,-1.0,-2.0,,,,-2
rw10398708,jasonfkeel,-2.0,,-1.0,-2.0,,-2
rw10404685,imdbfan-4829916143,-2.0,,-1.0,,,-2
rw10404935,MrCineMan2,-2.0,-2.0,-2.0,-2.0,,-2
rw10394702,hheckernasda,-2.0,-2.0,-2.0,,,-2
rw10403716,justinhaves,-1.0,-1.0,-1.0,,,-2
rw10395510,imdbfan-8319766530,-2.0,-2.0,-2.0,,,-2
rw10395545,steve-42680,1.0,2.0,-1.0,2.0,,1
rw10406113,imdbfan-6897979911,0.0,-1.0,,1.0,,0
rw10396916,kkb-00266,-2.0,-2.0,,-1.0,,-2
rw10395773,mike-hicks-36579,-2.0,-2.0,-1.0,1.0,,-2
rw10417091,imdbfan-7037880145,-1.0,-1.0,,0.0,-1.0,-2
rw10404117,imdbfan-7791877463,-2.0,-2.0,-2.0,-2.0,,-2
rw10427977,aheed-12393,,-2.0,-1.0,1.0,,-2
rw10399243,BozNucci,,-2.0,,,,-2
rw10425886,cwandrag,-1.0,-1.0,-2.0,,-1.0,-2
rw10393206,imdbfan-8155608832,1.0,-1.0,,,,-1
rw10416867,imdbfan-8588253711,-2.0,-2.0,,,-2.0,-2
rw10402798,shahjimmit,-2.0,-2.0,,,,-2
rw10439965,danielhummig,-2.0,,,,,-2
rw10416542,punk1t0,-2.0,-2.0,-2.0,0.0,,-2
rw10414142,ian-40121,-2.0,,-2.0,,,-2
rw10439907,imdbfan-35421,-2.0,-1.0,,,,-2
rw10391841,dalexanderwhitmore,1.0,-2.0,1.0,,,1
rw10430958,splundy61,1.0,,1.0,-1.0,,1
rw10439421,imdbfan-27845,-2.0,-1.0,,,,-2
rw10404808,cjm-10128,-2.0,-2.0,-2.0,,,-2
rw10400786,lejnemt,-2.0,-2.0,-2.0,,-1.0,-2
rw10400745,TriStar423,-2.0,-2.0,-2.0,-2.0,,-2
rw10414119,imdbfan-2429757411,-2.0,-2.0,1.0,,,-2
rw10438486,lakh-46668,-2.0,-2.0,-2.0,,,-2
rw10403122,imdbfan-5720851305,-1.0,-1.0,-1.0,-1.0,,-2
rw10402168,sky-holman,-2.0,-2.0,-2.0,-2.0,-2.0,-2
rw10398102,pinkicorn,1.0,1.0,1.0,1.0,0.0,1
rw10401593,p-gill1991,1.0,0.0,1.0,-1.0,1.0,1
rw10437442,imdbfan-4022,-2.0,,,-2.0,,-2
rw10399904,mr-carlos-medina,-2.0,,,,,-2
rw10399831,imdbfan-1685371316,-1.0,-1.0,,1.0,,-1
rw10400669,Gerard-ah-imdb25,-2.0,,-1.0,,,-1
rw10414165,imdbfan-8519534491,-2.0,1.0,-2.0,,,-1
rw10438733,RocketE-7,-1.0,-1.0,-2.0,-1.0,,-2
rw10437561,ajberr,-1.0,-1.0,-2.0,,,-2
rw10400496,ameliakabernathy,1.0,1.0,-1.0,1.0,,1
rw10402739,andrei_bart,-1.0,-2.0,-1.0,,,-2
rw10400635,npzsdsc,-2.0,-2.0,-2.0,,,-2
rw10400988,imdbfan-4883298953,-2.0,-2.0,-2.0,,,-2
rw10414109,mmdkfk,-2.0,-1.0,-2.0,,,-2
rw10403692,imdbfan-7701897334,-2.0,,,,,-2
rw10414077,imdbfan-8103596738,-1.0,,,,,-2
rw10400593,syntory,-2.0,,,,,-2
rw10418038,imdbfan-4553088564,-2.0,-2.0,-2.0,,,-2
rw10398783,imdbfan-0224474184,1.0,1.0,1.0,1.0,,1
rw10402682,imdbfan-3611671064,-2.0,-2.0,,,,-2
rw10414058,imdbfan-0210330621,-2.0,-2.0,,,,-2
rw10402684,imdbfan-7494754967,-2.0,-2.0,,,,-2
rw10402586,rockzero86,-2.0,,,,,-2
rw10414141,imdbfan-7647780813,-2.0,,-2.0,-2.0,,-2
rw10399963,avsolody,-1.0,-2.0,-1.0,,,-2
rw10399538,rokvolution,-2.0,-2.0,-2.0,,-2.0,-2
rw10408028,celestestar,1.0,,,,0.0,1
rw10394189,Andre_scoma,1.0,1.0,1.0,,,1
rw10402107,ctilley-17926,-2.0,-2.0,,,,-2
rw10437642,JosieM-6,-2.0,-2.0,,,,-2
rw10401993,imdbfan-9751795791,-2.0,-2.0,-2.0,-2.0,,-2
rw10399934,imdbfan-1896865222,-2.0,,,,-2.0,-2
rw10398342,hbfqnmwj,-2.0,,,,,-2
rw10398490,alexdmuro,-2.0,,-2.0,-2.0,-1.0,-2
rw10404348,imdbfan-6131253137,-2.0,-2.0,1.0,,,-2
rw10405188,jacobsonj-89112,1.0,,,1.0,,1
rw10411486,Jd14z,0.0,1.0,-1.0,1.0,,1
rw10428466,akmotorcycles,-2.0,,,,,-2
rw10397919,jaredbosket-19250,-2.0,,-2.0,,,-2
rw10398668,imdbfan-3743157447,-2.0,-2.0,,,,-2
rw10398631,airmanshea,-2.0,,-1.0,,-2.0,-2
rw10404721,imdbfan-8352554396,-2.0,-2.0,-2.0,,-2.0,-2
rw10392952,rodgersgeoff,-2.0,-1.0,1.0,,-2.0,-1
rw10405076,imdbfan-3705409554,1.0,1.0,-1.0,-1.0,,1
rw10404984,lilycattail-53111,1.0,,,,,1
rw10403145,ahmedhzaheer,-2.0,-2.0,-2.0,,-2.0,-2
rw10402915,sopenco,-1.0,-1.0,,,,-1
rw10416555,DarthCluster,-2.0,,-1.0,-1.0,,-1
rw10416436,imdbfan-5041358910,-2.0,,,,-2.0,-2
rw10402711,r-o-b-i-n-04941,-2.0,,-1.0,,,-2
rw10416546,imdbfan-3749940720,-2.0,,-2.0,-2.0,,-2
rw10405039,doudsabbah,-2.0,,-2.0,,-1.0,-2
rw10402240,amandakelly-44326,-1.0,-1.0,1.0,,,-2
rw10423711,chicoanamaris,1.0,-1.0,,0.0,,1
rw10426588,shishimarie,1.0,2.0,1.0,,,1
rw10403179,bojantaleski-38140,-2.0,-2.0,,,-2.0,-2
rw10403640,hapyfaces,-1.0,-1.0,,,,-1
rw10416424,imdbfan-3110475954,-2.0,-1.0,-2.0,-1.0,,-2
rw10402104,Kris_186,-2.0,-2.0,,,,-2
rw10430477,hasek-01064,-2.0,,-2.0,,,-2
rw10397491,imdbfan-5697636884,-2.0,-2.0,-2.0,,,-2
rw10397921,arashsalary,-2.0,-1.0,-2.0,,,-2
rw10395598,jamesmilaethangrace,,-1.0,1.0,2.0,,1
rw10397251,Tweetienator,-1.0,,,,,-1
rw10391227,OMTR,1.0,2.0,,,1.0,1
rw10393488,supermoviez,0.0,2.0,,,0.0,1
rw10419745,amandaab,1.0,2.0,,1.0,,1
rw10422143,imdbfan-8127387426,-2.0,-2.0,,,,-2
rw10423354,http406-NotAcceptable,-2.0,-1.0,-2.0,,-2.0,-2
rw10409993,imdbfan-4129453812,-2.0,1.0,,,,-1
rw10391474,Elliekorza,-1.0,-1.0,,,,0
rw10414028,yashshah-32-553800,-2.0,-1.0,-1.0,,,-1
rw10400193,zeio-4,-2.0,-2.0,-2.0,-2.0,-2.0,-2
rw10403101,imdbfan-2585627193,-1.0,-2.0,-2.0,,,-2
rw10395553,aharmas,1.0,1.0,1.0,0.0,,1
rw10393492,ihall-50330,1.0,1.0,,,,1
rw10408326,imdbfan-1140998951,1.0,,,,,0
rw10401735,gnapm,-2.0,-2.0,-2.0,,,-2
rw10403808,agalle-29716,-1.0,,0.0,-1.0,,-1
rw10399625,ctill-90468,-2.0,-1.0,-2.0,,,-2
rw10403703,btowrx,-2.0,,-1.0,,,-2
rw10402252,imdbfan-9597166696,-2.0,-2.0,-2.0,,,-2
rw10400608,jaguayoe,-1.0,,,,-1.0,-1
rw10399968,kamalsalama-94604,-2.0,-2.0,-2.0,,,-2
rw10400993,mikeycx-48545,-2.0,,-2.0,,,-2
rw10391884,imdbfan-1008730131,1.0,1.0,,,,1
rw10393035,AxrnW,-1.0,1.0,-1.0,1.0,0.0,0
rw10402588,imdbfan-0937689305,-2.0,,-2.0,,,-2
rw10403675,imdbfan-9571464375,-2.0,-1.0,,,-1.0,-1
rw10403123,imdbfan-2174016773,-2.0,,-2.0,,,-2
rw10402658,jordanmp-09789,-2.0,-2.0,,,,-2
rw10403110,jlicon-28981,-2.0,-2.0,-2.0,,-1.0,-2
rw10403278,imdbfan-2658232306,-2.0,-1.0,,,,-2
rw10403827,imdbfan-2627514428,-2.0,-2.0,-2.0,1.0,-2.0,-2
rw10401914,pduffy-97451,1.0,,1.0,2.0,1.0,1
rw10405466,gregodemi,0.0,1.0,1.0,1.0,,1
rw10400541,matthewdavis-53239,-2.0,-2.0,,-2.0,,-2
rw10403657,imdbfan-5314896753,-2.0,0.0,-1.0,1.0,,-1
rw10403239,opreaioan-60347,-2.0,,-2.0,,,-2
rw10403746,imdbfan-3858019982,-2.0,-1.0,-2.0,-1.0,,-2
rw10403528,imdbfan-0650654514,-2.0,,-1.0,,-1.0,-1
rw10400516,imdbfan-9381021316,-2.0,-2.0,-2.0,,,-2
rw10403768,tobeorNottoBeAFan,-2.0,-2.0,,,-2.0,-2
rw10400779,imdbfan-3328463346,-1.0,-1.0,,,,-1
rw10425110,rhbalduino-72-507145,2.0,2.0,2.0,,,2
rw10402360,imdbfan-3764188186,-2.0,,,-1.0,,-1
rw10402061,krunalmeher-18094,-2.0,-2.0,,,,-2
rw10400462,o_tillo,-2.0,,,,,-2
rw10395170,frankinaxxx,0.0,1.0,1.0,-1.0,1.0,1
rw10403307,imdbfan-2144788971,-2.0,-2.0,,,-2.0,-2
rw10403783,imdbfan-7999588083,-2.0,,,,-1.0,-1
rw10413825,rkaayaz,-2.0,-2.0,-2.0,-2.0,,-2
rw10403549,TheImage213,-2.0,,,,,-2
rw10400509,mokend,-2.0,,,,,-2
rw10394389,dollover-99125,1.0,2.0,1.0,1.0,,1
rw10402352,blackawhite,-2.0,,-2.0,,,-2
rw10402727,imdbfan-4887073280,-2.0,,,,,-2
rw10402445,imdbfan-2623951384,-2.0,-2.0,-2.0,,,-2
rw10402375,imdbfan-5939526547,-2.0,,-2.0,,,-2
rw10413791,imdbfan-4904123630,-2.0,-2.0,,,,-2
rw10400062,madamecorsaire,-1.0,-2.0,-1.0,,,-1
rw10403168,imdbfan-8945789722,-2.0,-1.0,-1.0,,-2.0,-2
rw10395076,imdbfan-1941333554,0.0,1.0,0.0,1.0,,1
rw10402843,lola2828,-2.0,-1.0,,,-1.0,-2
rw10395251,fordhamfamily-10245,1.0,2.0,0.0,1.0,,1
rw10403569,mikerob-75856,-2.0,-2.0,-2.0,,,-2
rw10402297,imdbfan-2991215960,-2.0,1.0,,,,-1
rw10413788,emanmukhalalaty,-2.0,-1.0,,,,-2
rw10403133,imdbfan-8836606737,-2.0,-2.0,-2.0,,,-2
rw10399491,imdbfan-2460041264,-2.0,-1.0,-1.0,-1.0,,-2
rw10400572,imdbfan-0628872603,-2.0,-2.0,,,,-2
rw10403574,alifsma,-1.0,-1.0,-1.0,,,-2
rw10405279,imdbfan-0524469138,0.0,1.0,1.0,2.0,,1
rw10403258,ftyznqrc,-2.0,-1.0,,,-1.0,-2
rw10438754,SamvelN,-1.0,-1.0,1.0,-1.0,,-1
rw10400009,geoffreyperrochon-92791,-2.0,-2.0,-2.0,-2.0,,-2
rw10403840,imdbfan-6984852299,-2.0,-2.0,-2.0,,,-2
rw10413930,imdbfan-1391620427,-2.0,,-2.0,-2.0,,-2
rw10403644,realtalkruss,-2.0,1.0,,,,-2
rw10403317,rickshtang,-2.0,0.0,1.0,-1.0,,-2
rw10401867,dan-14-87767,-1.0,0.0,-2.0,,-1.0,-1
rw10393568,cvaltierra,1.0,2.0,,1.0,1.0,1
rw10416138,Cerise286,1.0,1.0,1.0,1.0,,1
rw10401477,franhighparadise,-2.0,-2.0,-2.0,,,-2
rw10403121,imdbfan-1062583004,-2.0,,,,-1.0,-2
rw10403609,imdbfan-0707475607,-2.0,,-2.0,,-2.0,-2
rw10428367,imdbfan-6022859547,-2.0,-2.0,-2.0,,,-2
rw10394335,acejones-79614,-2.0,-2.0,,,,-2
rw10441598,tonyquainoojnr,-1.0,-1.0,,,-1.0,-2
rw10408163,nale-francesca,-2.0,-2.0,-2.0,-2.0,,-2
rw10428366,imdbfan-0710222973,-2.0,,,,-1.0,-2
rw10391555,hermannmuller,1.0,2.0,1.0,1.0,,1
rw10412895,eve_dolluk,0.0,,-1.0,1.0,,1
rw10408199,tapatio-ca,-2.0,,-2.0,,,-2
rw10401811,karenjovillalva,-1.0,-1.0,-1.0,,,-1
rw10439696,donny-99624,-2.0,-1.0,,,,-2
rw10404013,imdbfan-1526046228,-2.0,,,,-1.0,-2
rw10394622,poipolegirl,0.0,0.0,1.0,1.0,,1
rw10405292,scsainst,,-2.0,,,,-2
rw10430946,imdbfan-0489750543,1.0,,1.0,1.0,1.0,1
rw10402779,thomasfullerton,-2.0,-2.0,,,,-2
rw10419165,imdbfan-3733440924,-2.0,-2.0,,,,-2
rw10425976,imdbfan-4942326514,-1.0,0.0,1.0,,,0
rw10391498,imdbfan-3158680885,-2.0,-2.0,-2.0,,,-2
rw10397284,guess-shtick,-1.0,-1.0,-1.0,,-1.0,-1
rw10430250,r-lamond,-1.0,-1.0,-1.0,,-1.0,-1
rw10392866,lukasz_a,1.0,,2.0,2.0,,1
rw10426023,imdbfan-3457565019,-2.0,-2.0,-2.0,-2.0,,-2
rw10393046,imdbfan-9705634770,-1.0,,,,,-1
rw10398384,dannyryan-68215,-2.0,-2.0,,,,-2
rw10430531,imdbfan-2230503609,-2.0,-2.0,,,,-2
rw10423748,imdbfan-8073198823,-2.0,-2.0,-2.0,,-1.0,-2
rw10398018,mmarab91,-1.0,-1.0,0.0,,-1.0,-1
rw10411290,spookycyndi-61264,-2.0,-2.0,,-2.0,,-2
rw10398220,imdbfan-3052108853,1.0,-1.0,1.0,-1.0,,1
rw10406251,Lulu10001,-1.0,-1.0,-2.0,1.0,,0
rw10398610,imdbfan-2850210935,-2.0,-2.0,-2.0,,-2.0,-2
rw10397740,savannahosmond,-1.0,1.0,-1.0,,,-1
rw10415138,imdbfan-2251687454,-2.0,-2.0,-2.0,,,-2
rw10398456,imdbfan-6931807997,-2.0,-2.0,-2.0,,,-2
rw10398362,imdbfan-3482982163,-2.0,,-2.0,,,-2
rw10408153,imdbfan-7314710510,-1.0,-1.0,,,,-1
rw10408152,sgibzx,-2.0,-2.0,,,,-2
rw10398005,bkthrowaway,-2.0,-1.0,,-1.0,,-2
rw10407243,cathlyndriscoll,1.0,,1.0,1.0,,1
rw10428460,ben-83778,-2.0,-2.0,-2.0,,-2.0,-2
rw10408844,imdbfan-5816679060,-1.0,,,,0.0,-1
rw10401757,imdbfan-8345592239,-2.0,-1.0,1.0,,,-1
rw10403094,denuf23,-2.0,,-2.0,,-1.0,-2
rw10415828,demonxcros,-1.0,-1.0,-2.0,0.0,,-1
rw10402941,austinmcfann,-2.0,-2.0,-2.0,,-2.0,-2
rw10407942,andrebatucadabsb,0.0,,2.0,1.0,1.0,0
rw10401550,imdbfan-9805591980,-2.0,-2.0,-2.0,-2.0,,-2
rw10415875,sfnmhkkcv,-2.0,,-2.0,,-2.0,-2
rw10399989,jodieumbre,-2.0,-2.0,,-2.0,,-2
rw10415430,imdbfan-6762226769,-2.0,-2.0,-2.0,,,-2
rw10413472,rgsm_1,-2.0,,,,-2.0,-2
rw10401410,novice_watcher,-2.0,0.0,-2.0,,,-2
rw10401471,imdbfan-0261233173,-1.0,,-2.0,,,-2
rw10401808,imdbfan-5985371165,-2.0,,-2.0,,-1.0,-2
rw10398079,dorindastewart,1.0,1.0,,1.0,1.0,1
rw10402905,mhrelja,-2.0,,,,,-2
rw10407140,isaacbrovald,,,,,,-2
rw10399847,imdbfan-0273505290,-1.0,1.0,-1.0,-1.0,,-1
rw10402961,liimatankari,-2.0,-2.0,,,-2.0,-2
rw10401229,imdbfan-4718157226,-2.0,,-2.0,,,-2
rw10401406,imdbfan-2012998550,-2.0,-2.0,-2.0,,,-2
rw10401011,tweeda-91561,-2.0,-2.0,,,,-2
rw10407397,williamwinklerjr-34118,1.0,0.0,-1.0,1.0,,0
rw10400283,imdbfan-8531180297,-2.0,-1.0,-2.0,1.0,,-2
rw10427643,gomezjubilee,1.0,,2.0,,1.0,1
rw10411421,imdbfan-1363577097,-2.0,-2.0,-2.0,-2.0,-2.0,-2
rw10407218,nitinkumargk,-2.0,-1.0,,,,-2
rw10401770,michelmenesesc,-2.0,-2.0,-2.0,-2.0,,-2
rw10399890,imdbfan-8444716501,-2.0,-2.0,-2.0,1.0,,-2
rw10401009,imdbfan-9774567523,-2.0,-2.0,-2.0,-2.0,,-2
rw10418461,imdbfan-3078072892,-2.0,-2.0,-2.0,-2.0,-2.0,-2
rw10401322,lasadon,-2.0,-2.0,-2.0,-1.0,,-2
rw10398268,hen-71562,1.0,1.0,,1.0,1.0,1
rw10390730,Alex1488,-1.0,,,,,-1
rw10398951,epalminteri,1.0,-1.0,1.0,1.0,0.0,0
rw10401573,imdbfan-0488091448,-2.0,-1.0,-2.0,1.0,,-2
rw10400420,bhorntvedt,-2.0,,,,-2.0,-2
rw10403072,imdbfan-5908996175,-1.0,0.0,-1.0,,-1.0,-1
rw10401711,johnlim1001,-2.0,-1.0,-2.0,,-1.0,-2
rw10401606,imdbfan-0806192661,-2.0,-2.0,,,,-2
rw10401390,nowomen,-2.0,-2.0,,,,-2
rw10401577,imdbfan-2213691795,-2.0,-2.0,-2.0,-2.0,,-2
rw10417160,imdbfan-7802012563,-2.0,-1.0,-2.0,0.0,,-2
rw10400281,nickr912,-2.0,-2.0,,-2.0,,-2
rw10401257,imdbfan-6190229357,-2.0,-2.0,-2.0,-2.0,,-2
rw10401896,imdbfan-3504485896,-2.0,-2.0,,,,-2
rw10402935,imdbfan-1466248386,-2.0,-2.0,-2.0,,,-2
rw10401404,imdbfan-2581571750,-1.0,-1.0,-2.0,,,-1
rw10402010,imdbfan-5503747086,-1.0,,,,,-1
rw10400191,lucasandrewyoung,-2.0,-2.0,-2.0,-2.0,,-2
rw10413364,imdbfan-2228715432,-2.0,-2.0,-2.0,,,-2
rw10421786,imdbfan-8976479377,1.0,1.0,2.0,0.0,,1
rw10398210,savannah-sb,1.0,,,,,1
rw10401771,imdbfan-5928671874,-1.0,-1.0,-1.0,,,-2
rw10401576,imdbfan-2510623395,-2.0,,,,,-2
rw10400124,lekkerland,-2.0,,,,-2.0,-2
rw10402888,jaketerry-31795,-2.0,,,,,-2
rw10400257,xchristheisx,-2.0,,,,,-2
rw10415617,vicz-08744,-2.0,-1.0,-2.0,,,-2
rw10407300,waqashbutt,,-2.0,,,,-2
rw10402223,imdbfan-3697410407,-2.0,-2.0,,,,-2
rw10411879,moynulislamneloi,1.0,,-1.0,,,1
rw10398275,christian-pace15,-1.0,1.0,-1.0,-1.0,,0
rw10411373,hoomanmortazavi-92117,-1.0,0.0,-1.0,,,-1
rw10401020,johnojono,-2.0,-2.0,,,,-2
rw10401599,imdbfan-9195636152,-2.0,-2.0,-1.0,,,-2
rw10437033,Dandxlion,-2.0,-2.0,,,,-2
rw10401524,imdbfan-8163786688,-2.0,,,,-1.0,-2
rw10402894,audreylubis,-1.0,,,,,-2
rw10401708,imdbfan-2795936447,-1.0,-1.0,-1.0,,,-2
rw10402870,imdbfan-2318463179,-1.0,,-2.0,,,-2
rw10405560,DrEdwardScottMD,1.0,1.0,1.0,,,1
rw10408137,imdbfan-2109384099,1.0,,,,,1
rw10402831,madasar-25501,-2.0,-2.0,,,,-2
rw10407493,hcvdgyw,,-1.0,-2.0,,,-1
rw10434939,jonatankuesell,-2.0,,-2.0,,,-2
rw10439132,yudiaaiiu,-1.0,-1.0,,,,-1
rw10438480,ivleugels,-1.0,-1.0,-2.0,,,-1
rw10401774,pschuchardt-34602,-1.0,-1.0,0.0,0.0,,-1
rw10403942,imdbfan-9842112558,-2.0,-2.0,,,,-2
rw10395307,info-72217-03695,2.0,2.0,2.0,2.0,,2
rw10417981,imdbfan-5155107438,0.0,,,,1.0,1
rw10402757,paulkozakiewicz,-2.0,-2.0,,,,-2
rw10420514,reginaketcherside,-2.0,,-2.0,,,-2
rw10411867,sahilalikhan-99539,-2.0,-1.0,-2.0,-2.0,,-2
rw10420484,imdbfan-8450106526,-1.0,-1.0,,1.0,,1
rw10403912,daverruzveh,-2.0,,,,,-2
rw10403925,william_cabj,-2.0,-2.0,-2.0,-2.0,,-2
rw10403945,vqmbtqb,-2.0,-2.0,,,-2.0,-2
rw10395596,ybzpym-44432,1.0,1.0,1.0,1.0,,1
rw10406780,imdbfan-3164977133,-1.0,0.0,-1.0,1.0,,0
rw10403909,melvinmaya,-2.0,1.0,,,,-1
rw10433782,dhtrhmkr,-1.0,-2.0,-2.0,1.0,,-2
rw10396536,laurentpcupdate,-2.0,1.0,-2.0,-2.0,,-2
rw10397923,dtzikandelov,-2.0,,,,-2.0,-2
rw10397842,elelinium,-2.0,-1.0,,,,-2
rw10397582,imdbfan-4529071899,-2.0,-2.0,,,,-2
rw10392287,Alatheary0p,1.0,1.0,1.0,1.0,1.0,1
rw10416145,yuurialbuquerque,-1.0,-2.0,1.0,-1.0,,0
rw10402755,mmandalawi,-2.0,,,,,-2
rw10398077,helvaboy,-2.0,-2.0,-2.0,,,-2
rw10407209,saliq-80490,-2.0,,-2.0,-2.0,,-2
rw10423747,imdbfan-8857456431,-2.0,-2.0,,,,-2
rw10398068,nickbsince,-2.0,-1.0,-1.0,,,-2
rw10403929,linktwl,-2.0,1.0,-2.0,,,-2
rw10428426,mubinulhussain,-2.0,-2.0,-2.0,-2.0,-2.0,-2
rw10396826,gustafgranlund,-2.0,,-2.0,,,-2
rw10405206,mahdesi-137-675165,1.0,1.0,-1.0,,,1
rw10413553,blhommeau,-1.0,2.0,0.0,,,-1
rw10425878,imdbfan-5482608642,-2.0,,-2.0,-2.0,,-2
rw10401399,marlena-78980,-2.0,-2.0,,,,-2
rw10423677,imdbfan-0759083594,,,,,,-2
rw10395208,mohnrecordings,-1.0,1.0,,,,-1
rw10425849,imdbfan-0367108170,-2.0,-2.0,-2.0,,,-2
rw10411120,imdbfan-8821877920,-2.0,-1.0,-2.0,,,-2
rw10411769,evanshepherd-30683,-2.0,-2.0,-2.0,-2.0,,-2
rw10402765,Saunan,-1.0,-2.0,,,-1.0,-2
rw10413925,imdbfan-9638197641,-2.0,-2.0,-2.0,,,-2
rw10402972,jordandp-38582,1.0,,1.0,1.0,,1
rw10415523,bradleyc-1,1.0,,1.0,1.0,1.0,1
rw10434199,tristanvliet,-1.0,,,1.0,-1.0,-1
rw10411096,imdbfan-9540248831,-2.0,,,,-1.0,-2
rw10413816,imdbfan-5426936066,-1.0,-1.0,0.0,-1.0,,-1
rw10413617,eximpwnz,-2.0,-2.0,,,,-2
rw10412181,chelaruandreialexandru,-2.0,-2.0,-2.0,-2.0,,-2
rw10412644,zarizakaria,-2.0,-2.0,-2.0,,,-2
rw10392230,branimircenov,-2.0,-2.0,-2.0,-1.0,,-2
rw10408524,imdbfan-3469958148,-2.0,-2.0,-2.0,-2.0,-2.0,-2
rw10431068,jonasuytterhoevenorka,1.0,2.0,,1.0,,2
rw10417872,imdbfan-2567442061,-1.0,,,1.0,0.0,0
rw10410842,eqxial,-2.0,-2.0,-2.0,-2.0,,-2
rw10436742,irishred530,-2.0,-2.0,-2.0,,,-2
rw10408126,mohammedalbakkar,-1.0,,,,-1.0,-2
rw10411327,imdbfan-7183630601,-1.0,,0.0,,,-1
rw10427468,imdbfan-3516604471,-2.0,,,,,-1
rw10398009,imdbfan-0808480216,-2.0,,,,-2.0,-2
rw10397563,littlemisstrouble1985,1.0,1.0,,,,1
rw10401115,stephenmcastro,-1.0,-1.0,1.0,2.0,,1
rw10408127,hcekerbicer,-2.0,-2.0,-2.0,-2.0,,-2
rw10420420,imdbfan-3977374519,-1.0,-2.0,0.0,,-2.0,-2
rw10405232,yourlung,-2.0,,-2.0,,,-2
rw10409051,imdbfan-1045357661,-2.0,-2.0,,,,-2
rw10407876,kgsfymykn,-2.0,-2.0,,,,-2
rw10393740,kennull,-2.0,,-2.0,,-1.0,-1
rw10407320,calebgilbert-73297,-1.0,-2.0,-1.0,,,-2
rw10409819,ginajorja,1.0,1.0,-1.0,,1.0,1
rw10406541,JoRicTV_,0.0,1.0,0.0,0.0,,0
rw10412718,imdbfan-2037948905,-2.0,-2.0,-2.0,-1.0,,-2
rw10412821,imdbfan-0522538896,-2.0,-2.0,-2.0,,,-2
rw10412872,KindomKorner,-2.0,,,,,-2
rw10411848,imdbfan-6120204949,-2.0,-2.0,,,-1.0,-2
rw10407755,imdbfan-7736712376,-2.0,,,,-1.0,-2
rw10411560,SHOCKWAVE187,-2.0,-1.0,1.0,,-1.0,-2
rw10415555,fannygold,1.0,,,,1.0,1
rw10407459,imdbfan-7891793719,-2.0,1.0,-2.0,,,-2
rw10407251,lamiakajal,-2.0,-2.0,-2.0,-2.0,,-2
rw10412241,B-Once-Hey,-2.0,,-2.0,,,-2
rw10407899,bxmqsdkk,-2.0,-1.0,,,,-1
rw10412182,imdbfan-9414734095,-2.0,-2.0,-2.0,,,-2
rw10412691,dxrhvybb,-1.0,-2.0,,,,-2
rw10411348,imdbfan-9240764101,-2.0,-2.0,,,,-2
rw10412395,villefort-21475,-2.0,,,,,-2
rw10424891,JerNe00,2.0,2.0,,,,2
rw10414765,imdbfan-7340877380,1.0,-1.0,1.0,1.0,,1
rw10411576,imdbfan-1986523650,-2.0,-2.0,-2.0,,-2.0,-2
rw10407277,imdbfan-0149756890,-2.0,-2.0,-2.0,-2.0,-2.0,-2
rw10415588,imdbfan-5286771548,-1.0,-2.0,-1.0,,,-2
rw10411533,Kryptonite-Dragon,-2.0,,-2.0,,-2.0,-2
rw10411983,karansingh-70348,-2.0,-2.0,-2.0,-2.0,,-2
rw10411668,majed_khaldi,-2.0,-2.0,,,,-2
rw10407777,lennoxruffner,-2.0,-2.0,-2.0,-1.0,,-2
rw10407733,imdbfan-3839952648,-1.0,-1.0,,,,-1
rw10424438,imdbfan-3386036772,2.0,2.0,2.0,,,2
rw10409523,mkbcgxqy,-1.0,2.0,,-1.0,1.0,1
rw10414293,imdbfan-0160974652,-2.0,0.0,-2.0,1.0,,-2
rw10412292,marciusb,-2.0,-2.0,-2.0,,,-2
rw10411711,imdbfan-6175802147,-1.0,-1.0,,,,-1
rw10412075,imdbfan-5949694755,-2.0,,,,,-2
rw10407806,imdbfan-3423220998,-2.0,1.0,,-2.0,,-2
rw10407622,markovicu,-2.0,-2.0,,,,-2
rw10413483,imdbfan-4958610745,-1.0,-1.0,-2.0,-1.0,,-2
rw10414526,imdbfan-2350420234,1.0,1.0,1.0,,1.0,1
rw10409343,stormbw,-1.0,-1.0,,0.0,,0
rw10412761,imdbfan-5545219938,-2.0,-1.0,,0.0,-1.0,-1
rw10407272,JAM-yea,-2.0,,-1.0,-1.0,,-1
rw10411716,imdbfan-6965310211,-2.0,-2.0,,,-2.0,-2
rw10412914,imdbfan-4553829664,-2.0,-2.0,-2.0,,,-2
rw10407897,ClaudieXX,-2.0,-2.0,-2.0,0.0,,-2
rw10411956,oliver-18701,-2.0,-2.0,-2.0,,,-2
rw10436616,rpgaska,1.0,1.0,2.0,,,1
rw10415994,imdbfan-5878042988,0.0,1.0,1.0,1.0,,1
rw10412937,imdbfan-9961268426,-2.0,,-1.0,,,-2
rw10413567,imdbfan-8120206433,-1.0,-1.0,,,-1.0,-1
rw10413048,imdbfan-1938303072,-2.0,-1.0,-2.0,,,-2
rw10423005,maijawadah,-2.0,-2.0,-2.0,-2.0,,-2
rw10412157,That_gurl666,-2.0,-2.0,,-2.0,-2.0,-2
rw10437978,LukeA-0,-2.0,-2.0,-2.0,,,-2
rw10412951,imdbfan-0963452853,-2.0,-2.0,-2.0,,,-2
rw10411496,rsplasvegas,-2.0,,-2.0,,,-2
rw10411739,imdbfan-7420176562,-2.0,,,,,-2
rw10420439,imdbfan-4204326607,1.0,1.0,1.0,,1.0,1
rw10420625,sntmkdxd,0.0,,,2.0,,1
rw10413683,imdbfan-7345062708,-2.0,-1.0,,,,-2
rw10412796,lesfleursdumal-55684,-2.0,-1.0,-2.0,,,-2
rw10411836,imdbfan-1083819984,-2.0,,0.0,,,-2
rw10413281,imdbfan-0044857788,-2.0,,,,-2.0,-2
rw10415081,imdbfan-6034631156,-2.0,-2.0,-2.0,,,-2
rw10412924,imdbfan-6381650726,-2.0,-2.0,-1.0,,,-2
rw10412295,imdbfan-4951531626,-1.0,,-1.0,,,-1
rw10404231,Cire_Warren,1.0,,,,1.0,1
rw10413997,mahdyg-39340,-2.0,,-2.0,,,-2
rw10414412,imdbfan-5569912904,-2.0,-2.0,-2.0,,,-2
rw10411676,tjesser-50515,-1.0,-1.0,-1.0,,,-1
rw10418035,kingkhozeyla,-2.0,-2.0,-2.0,,,-2
rw10411518,jakesmithforyou,-2.0,-2.0,-2.0,,,-2
rw10411337,imdbfan-0989916758,-2.0,-1.0,,,,-2
rw10411965,imdbfan-5818306615,-2.0,-2.0,-2.0,,,-2
rw10411617,imdbfan-6386431973,-2.0,-2.0,-2.0,-2.0,,-2
rw10419473,ShiShi26,1.0,-1.0,1.0,-1.0,,1
rw10411429,imdbfan-6525988143,-2.0,-2.0,-2.0,1.0,,-2
rw10411869,imdbfan-4530844879,-2.0,,-2.0,,,-2
rw10411436,imdbfan-6232055526,-2.0,,,,,-2
rw10413525,imdbfan-8540702989,-2.0,,,,,-2
rw10407149,imdbfan-4082641940,-2.0,-2.0,,,,-2
rw10407260,piersombrio,,,,,,-2
rw10411343,imdbfan-8294302861,-1.0,,-1.0,,,-1
rw10417681,jmtregre,1.0,1.0,1.0,,,1
rw10407142,imdbfan-6047122112,-2.0,-2.0,,1.0,,-2
rw10412582,imdbfan-8806249150,-2.0,-2.0,-2.0,-1.0,,-2
rw10413362,SchmunzelTV,-2.0,-2.0,-2.0,-2.0,,-2
rw10412721,imdbfan-3502337946,-2.0,-2.0,-2.0,,,-2
rw10407885,imdbfan-5754636410,-1.0,,-1.0,,,-1
rw10425938,son_goku-90199,-1.0,-1.0,,,,-1
rw10441025,Bravom-0,-2.0,-1.0,-2.0,,-1.0,-2
rw10417978,weisters,2.0,2.0,1.0,,,2
rw10435361,Samjk-4,-2.0,-2.0,-2.0,-1.0,,-2
rw10411296,imdbfan-1811411253,-1.0,-1.0,-1.0,,,-1
rw10439733,KaylaB-9,-2.0,-2.0,-2.0,,,-2
rw10425557,hrvojekovacicek,-2.0,-1.0,,1.0,,-1
rw10430102,imdbfan-9736721816,-2.0,,-2.0,,,-2
rw10403860,imdbfan-0833710902,-1.0,-1.0,-1.0,,,-2
rw10408955,vassiliskounelis,-2.0,,-2.0,,-2.0,-2
rw10397315,osofie-18435,,-2.0,,1.0,,-1
rw10411163,planet-10257,-2.0,-2.0,,-2.0,,-2
rw10419734,imdbfan-7132376610,1.0,1.0,,-1.0,2.0,1
rw10408103,bigkai2002-872-811460,,,,,0.0,0
rw10403867,yellowfellows7,-1.0,1.0,,,,-1
rw10411021,imdbfan-5278318896,-2.0,,,,-1.0,-2
rw10408069,imdbfan-5783664009,-2.0,-1.0,-2.0,-2.0,,-2
rw10426710,Mudocin,-2.0,-2.0,-2.0,-2.0,,-2
rw10408082,imdbfan-1504476303,-2.0,,-1.0,-1.0,,-2
rw10408084,imdbfan-3817366333,-2.0,-2.0,,,,-2
rw10428273,imdbfan-4183535329,-2.0,-2.0,-2.0,,,-2
rw10411269,igorlerinc-31607,-2.0,-2.0,-2.0,,,-2
rw10427249,imdbfan-5409071056,-2.0,,,,-2.0,-2
rw10403443,xkntjfmm,-2.0,-2.0,,,,-2
rw10403262,shalamka,-2.0,-2.0,-2.0,-2.0,,-2
rw10403361,sharonford-38036,-1.0,-2.0,,,,-2
rw10419772,imdbfan-4368397061,-2.0,-2.0,-2.0,,,-2
rw10408911,sommerlilli,-2.0,-1.0,-2.0,,,-2
rw10401484,imdbfan-0871886703,1.0,1.0,1.0,1.0,,1
rw10403211,triumph-81112,-2.0,,,,-1.0,-2
rw10403547,carterburger,-2.0,,,,,-2
rw10425866,imdbfan-0889615322,-2.0,-1.0,-1.0,,,-2
rw10425326,imdbfan-7359215318,-1.0,-1.0,,,-1.0,-1
rw10429294,arampapik,-2.0,,,,-2.0,-2
rw10411121,imdbfan-8296473318,-2.0,-2.0,-2.0,,-1.0,-2
rw10410966,rojo1664,-2.0,,,0.0,-2.0,-2
rw10425630,imdbfan-8061230765,-1.0,-1.0,,1.0,,-1
rw10418967,helloepicfilm,-1.0,,2.0,1.0,,1
rw10430188,imdbfan-9088245288,-2.0,-2.0,-2.0,,,-2
rw10396712,imdbfan-2242807513,-2.0,-2.0,,0.0,,-2
rw10394699,Charlie_The_Steak,-2.0,,-2.0,,,-2
rw10397873,docbennett-472-557329,-1.0,-1.0,-1.0,,,-1
rw10396462,rossigkind,-2.0,-2.0,,-2.0,,-2
rw10395284,georginaherbert,0.0,1.0,-1.0,,,0
rw10427503,charlie123456789,-1.0,,,,,-1
rw10395261,remmy_lebau,-2.0,-2.0,-1.0,,,-2
rw10427456,rikajessie,1.0,1.0,2.0,0.0,1.0,1
rw10423555,marci-42083,-1.0,-1.0,,-1.0,,-1
rw10423559,piscitear,-1.0,-1.0,-1.0,1.0,,-1
rw10395435,gazzajoneill,-1.0,,1.0,,-1.0,-1
rw10404114,imdbfan-4655319399,-1.0,-2.0,-1.0,,,-1
rw10395424,t_hudson15,-2.0,-1.0,,-1.0,,-2
rw10399168,amygag,-1.0,,,1.0,,-1
rw10392568,zkonedog,-1.0,2.0,,1.0,-1.0,0
rw10417700,ljhedlund,1.0,,2.0,1.0,1.0,1
rw10411324,farouqabukhamireh,-1.0,-2.0,1.0,,,-1
rw10425521,zeroartgfx,-2.0,-1.0,-2.0,-1.0,,-2
rw10403897,imdbfan-7542447831,-2.0,-2.0,,,,-2
rw10411107,imdbfan-1506070010,-2.0,,-1.0,-1.0,,-2
rw10402758,imdbfan-6612656157,-2.0,-1.0,-1.0,,-2.0,-2
rw10411200,imdbfan-8806617792,-2.0,-2.0,,,,-2
rw10403850,imdbfan-4408569563,-1.0,,,,,-1
rw10419595,T-Rex28,1.0,,,2.0,1.0,2
rw10402355,imdbfan-3809004426,-2.0,-2.0,,,,-2
rw10428088,sliderho,-2.0,,-2.0,,,-2
rw10403892,imdbfan-9461072036,-2.0,-2.0,-2.0,,,-2
rw10403903,saracm-36054,-2.0,,-2.0,,-1.0,-1
rw10428086,imdbfan-4784195289,-2.0,-2.0,-2.0,,-1.0,-2
rw10403506,carlossolis,-2.0,,-2.0,,-2.0,-2
rw10418041,imdbfan-6098707023,1.0,-1.0,-1.0,1.0,1.0,1
rw10423511,imdbfan-6929543719,-2.0,-2.0,,,,-2
rw10410977,imdbfan-4295987581,-1.0,-2.0,-1.0,,0.0,-1
rw10413380,gepetordi,-2.0,-2.0,-2.0,,,-2
rw10434324,chypher-22349,-2.0,-2.0,,,,-2
rw10428224,imdbfan-5357314207,-2.0,,-2.0,-2.0,,-2
rw10400600,cruise01,-1.0,1.0,-1.0,1.0,,0
rw10403856,Ida-Lucia,-2.0,,,,-1.0,-2
rw10403851,imdbfan-7358094580,-2.0,-2.0,,,-1.0,-2
rw10428356,sam-can-sc,-2.0,,-1.0,,,-1
rw10408068,imdbfan-3764423449,,,,,-1.0,-1
rw10419992,zoevella,1.0,1.0,,1.0,1.0,1
rw10425341,tpalmermarvel,-2.0,-2.0,,,,-2
rw10398843,Java_Joe,-1.0,1.0,,,,-1
rw10435005,IzzyF-6,-1.0,-2.0,,,,-2
rw10435274,AnnaW-55,-2.0,-2.0,,-2.0,,-2
rw10422564,imdbfan-3033334243,-2.0,-2.0,,,,-2
rw10415717,imdbfan-2848067381,-2.0,-1.0,-2.0,,,-2
rw10412929,kwarau,-1.0,-1.0,1.0,,,-2
rw10420621,kieranhealy-54700,,2.0,2.0,2.0,,2
rw10412877,Bossdyer,-2.0,,-2.0,,,-2
rw10412580,imdbfan-4661765093,-1.0,-2.0,,,,-2
rw10412859,imdbfan-1669718439,-2.0,,-2.0,,-1.0,-2
rw10412995,imdbfan-9344359382,-2.0,,-2.0,,-1.0,-2
rw10407558,PewPewMaster,-2.0,,-2.0,,-2.0,-2
rw10407262,michal-53129,-2.0,,,,-2.0,-2
rw10412592,imdbfan-1299995584,-2.0,,,,,-2
rw10418376,imdbfan-3198762938,0.0,1.0,1.0,,,1
rw10412194,latuned,-2.0,-2.0,,,,-2
rw10410680,mmmkay94,-2.0,-1.0,-1.0,-2.0,,-2
rw10414401,imdbfan-2791500237,-1.0,-2.0,-1.0,,-1.0,-2
rw10422978,darrenalfred213,-1.0,-1.0,-2.0,,,-1
rw10405797,nilsvonk,-2.0,-2.0,-2.0,,,-2
rw10405417,qjzvdjvr,-2.0,-2.0,,,-2.0,-2
rw10422459,imdbfan-8389391163,-1.0,-1.0,-1.0,,,-1
rw10414358,imdbfan-4440165000,,,,,,-2
rw10390873,imdbfan-8693281705,1.0,1.0,2.0,1.0,,1
rw10405090,dinukasandeepa,-1.0,-2.0,-2.0,,,-2
rw10414963,imdbfan-6842087462,-2.0,-1.0,,,0.0,-2
rw10412870,martin-76012,-1.0,-1.0,-1.0,-1.0,,-2
rw10412550,imdbfan-6013257869,-2.0,,-2.0,,,-2
rw10407365,shbygt,-2.0,-2.0,,,,-2
rw10415778,imdbfan-9070959706,-2.0,-2.0,,,-1.0,-1
rw10416282,Faisal_KK,-2.0,-1.0,-2.0,,,-1
rw10412411,imdbfan-0134019971,-2.0,-1.0,-2.0,-1.0,-2.0,-2
rw10428673,imdbfan-6389879890,2.0,1.0,2.0,,,1
rw10422951,imdbfan-0493551908,-2.0,-1.0,-2.0,-1.0,,-2
rw10407508,estudiostecnicos,-2.0,-1.0,,,-1.0,-2
rw10418232,imdbfan-9433484690,-2.0,-1.0,-2.0,,,-2
rw10407091,ihplace-20508,-2.0,-2.0,-2.0,,-2.0,-2
rw10407569,daniel-27595,-2.0,,,,,-1
rw10416212,carolinesteffi,-1.0,,,,-1.0,-1
rw10407124,imdbfan-4746861769,-2.0,-2.0,-2.0,,,-2
rw10412554,imdbfan-9172846363,-1.0,,,,-1.0,-1
rw10419546,frqwftx,0.0,,1.0,,,1
rw10412942,lee_r_dixon,-2.0,,,,-2.0,-2
rw10413926,StregaAsuka,-1.0,,,-1.0,,-1
rw10413177,Jthuesen,-2.0,-2.0,,,,-2
rw10407132,jlgarcia-88669,-1.0,-1.0,,,0.0,-1
rw10417814,janho-53304,-1.0,-2.0,-2.0,,-1.0,-1
rw10415837,imdbfan-8597554938,-2.0,,,,,-2
rw10412825,cryonic-979-361771,-2.0,-2.0,-2.0,,,-2
rw10413279,liverpoolsiena,-2.0,-2.0,,-2.0,,-2
rw10417585,mariarizwan-96214,1.0,2.0,-1.0,,1.0,1
rw10415064,haruoiriguti,-2.0,-2.0,-2.0,,,-2
rw10411852,kcgsknxn,0.0,,,,,0
rw10407117,imdbfan-4027396379,-2.0,-2.0,-2.0,,,-2
rw10422768,imdbfan-0904965148,-2.0,,-1.0,-1.0,,-2
rw10416163,imdbfan-1206559150,-2.0,,,,,-2
rw10415241,imdbfan-7943775047,-2.0,-2.0,,,,-2
rw10412819,bearjrstock,-2.0,-2.0,-2.0,,,-2
rw10413042,imdbfan-6355821169,-2.0,,,,-1.0,-1
rw10419547,katjasteckstor,1.0,1.0,1.0,,1.0,1
rw10412651,imdbfan-5352404366,-2.0,-2.0,,,,-2
rw10412469,imdbfan-2185163199,-2.0,-2.0,,,,-2
rw10433769,harmonyrhyme,-2.0,-2.0,,,,-2
rw10412560,imdbfan-8824583364,-1.0,,-1.0,,-1.0,-1
rw10412848,mohammadam,-2.0,-2.0,-2.0,,,-2
rw10420133,gzjkyc,-2.0,,1.0,,,-2
rw10412456,cliffmerayah,-2.0,-2.0,,,,-2
rw10415218,imdbfan-3809935251,-2.0,,,,,-2
rw10414993,alirezanejat,-2.0,,,,,-2
rw10417616,tzrtncb,1.0,,1.0,1.0,1.0,2
rw10407644,imdbfan-1703679990,-2.0,-2.0,-2.0,,,-2
rw10412726,mjjw-1,-1.0,1.0,1.0,-1.0,,-1
rw10415594,mariamazhar,-2.0,-2.0,-2.0,-2.0,,-2
rw10416200,hannabattle-net,-2.0,,-2.0,,,-2
rw10412229,gottfridsjodin,,-2.0,-2.0,,,-2
rw10413222,cut85,-2.0,-2.0,,,,-2
rw10412454,imdbfan-3658632860,-2.0,-2.0,-2.0,,,-2
rw10417883,stavrosdimitrakis-43045,-1.0,-1.0,1.0,1.0,,0
rw10413076,mattr1981-763-136737,-2.0,-1.0,-2.0,1.0,,-1
rw10394202,imdbfan-8687417940,1.0,1.0,2.0,-1.0,,1
rw10416221,rafaljakob,-2.0,-2.0,-2.0,,,-2
rw10407054,James_Sawyerr,-1.0,,,,-1.0,-1
rw10412101,mohamedabdelbadei,-1.0,-2.0,-2.0,0.0,,-2
rw10407649,imdbfan-3927201667,-2.0,-2.0,,,,-2
rw10407667,imdbfan-6713243826,-2.0,-2.0,,,,-2
rw10407654,imdbfan-0909559350,-2.0,,,,,-2
rw10413181,alonepofigist,-2.0,1.0,,,,-2
rw10389113,styledbyesther,1.0,,1.0,1.0,,1
rw10433185,JDD-874,-2.0,,,,,-2
rw10413032,ashot-743-209295,-2.0,-2.0,,,,-2
rw10401135,imdbfan-9456846299,-2.0,-2.0,,,,-2
rw10407980,austinrcarly,-2.0,,,,,-2
rw10408010,imdbfan-7895032727,-2.0,-2.0,,,,-2
rw10413123,imdbfan-5737377658,-2.0,-2.0,-2.0,-2.0,,-2
rw10423037,imdbfan-2896773234,,,,,,-2
rw10424871,lawnmorgan,-1.0,-1.0,-1.0,-1.0,,-1
rw10393069,megan_billet,1.0,1.0,,,,2
rw10407968,derail-22823,-2.0,-1.0,,-1.0,,-2
rw10399844,irivlin,-2.0,,,,,-2
rw10407956,clebrfrigo,-2.0,,,,,-2
rw10401627,imdbfan-1654993941,-2.0,1.0,,-1.0,,-1
rw10403008,msassorossi,-2.0,,,,,-2
rw10401815,imdbfan-0858178455,-2.0,-2.0,1.0,-2.0,,-1
rw10407961,iacobdaniel-96806,-1.0,-1.0,,,,-1
rw10402964,imdbfan-0842157339,-2.0,,-2.0,,,-2
rw10392828,ogram-12137,2.0,2.0,2.0,2.0,2.0,2
rw10403163,LiviusAndronicus,-1.0,1.0,,,,-1
rw10412876,imdbfan-4722516724,-2.0,-2.0,,,,-2
rw10428795,fbfwvfy,-2.0,-2.0,,,,-2
rw10407966,boygermanotta,-2.0,-1.0,-2.0,,,-2
rw10428297,Moviegoer1013,-2.0,,-1.0,-1.0,,-1
rw10394858,imdbfan-3982801492,-1.0,1.0,-1.0,1.0,,-1
rw10393719,imdbfan-1831215678,-2.0,-2.0,,-1.0,-1.0,-2
rw10394952,danmoura-51964,1.0,,1.0,1.0,1.0,2
rw10395933,felipepygula,-2.0,-2.0,1.0,-2.0,,-2
rw10393716,DanailDobrev,-2.0,-2.0,-2.0,,,-2
rw10393866,lfc-39979,-2.0,-1.0,,-1.0,,-2
rw10411220,imdbfan-7621773885,-2.0,,1.0,,,-1
rw10440739,JaydenP-9,-2.0,,,,,-2
rw10425572,imdbfan-8898926377,-2.0,-2.0,,,,-2
rw10434993,AudreyS-9,-1.0,,,,-1.0,-1
rw10425433,daffymjb,-2.0,-2.0,-2.0,,-1.0,-2
rw10403940,imdbfan-1994659756,-1.0,-2.0,,,,-2
rw10429986,paisleywhitsitt,-2.0,-1.0,-1.0,,,-2
rw10409897,usmannaseem,-2.0,-2.0,,,-1.0,-2
rw10409610,kenchlund,-2.0,-2.0,,,-1.0,-2
rw10420365,imdbfan-3587279466,-2.0,,,,,-1
rw10420490,Nita_,-1.0,,-1.0,,-1.0,-2
rw10420469,imdbfan-1904261188,-2.0,-2.0,-2.0,,-2.0,-2
rw10401003,vwrjvqhb,1.0,,,1.0,1.0,1
rw10408029,imakethesurf,-2.0,1.0,,,,-2
rw10393615,jfxgqgqhh,-1.0,1.0,,-1.0,,-1
rw10430605,imdbfan-5681254725,-2.0,-1.0,-1.0,,,-2
rw10429058,imdbfan-9613973327,-2.0,,-2.0,-2.0,-1.0,-2
rw10398399,jaymoirl,-1.0,,0.0,,-1.0,-1
rw10429115,kristopherdixon,-2.0,,,,-1.0,-2
rw10425223,imdbfan-5479617489,-2.0,-2.0,-2.0,,,-2
rw10422450,imdbfan-7788895270,1.0,-1.0,,2.0,,1
rw10428098,imdbfan-7102108018,-2.0,,,,,-2
rw10394877,mturino-10603,-1.0,-1.0,,1.0,,-1
rw10393604,GreenMenAreLittle,-2.0,0.0,,-2.0,-1.0,-1
rw10429841,steverhd,-2.0,,,,-1.0,-2
rw10396193,toridud,-2.0,-2.0,-2.0,,-2.0,-2
rw10425354,imdbfan-8371663456,-2.0,,-2.0,,,-2
rw10396084,jennifer_w,-1.0,,1.0,-1.0,,-1
rw10433712,AmnaA-5,-2.0,-2.0,,,,-2
rw10401605,sin-upz,-2.0,-2.0,-2.0,,,-2
rw10412862,empressxhighness,-2.0,-2.0,-2.0,,,-2
rw10399693,imdbfan-9643281793,-1.0,,-2.0,0.0,,-1
rw10423195,gthomiii,-1.0,-2.0,,,-1.0,-1
rw10428807,NuikopeaDemon,-2.0,,-2.0,-2.0,,-2
rw10412540,fleon-5,-1.0,-1.0,-1.0,-1.0,,-2
rw10398774,angelaatingey,1.0,,-1.0,1.0,,1
rw10428034,colinshaw-81428,-2.0,-2.0,-2.0,,,-2
rw10412759,dominic-30989,-2.0,-2.0,,,-2.0,-2
rw10407528,xisburger-24895,-2.0,-2.0,,,-1.0,-2
rw10427356,s-09143,-2.0,-1.0,,-1.0,,-2
rw10420238,imdbfan-2620114872,-2.0,,-2.0,,,-2
rw10433151,ruhsuzazrail,-2.0,-2.0,-2.0,-2.0,,-2
rw10419962,imdbfan-7994936286,-2.0,-2.0,-2.0,,,-2
rw10425269,imdbfan-3081866152,-1.0,-1.0,,,-1.0,-2
rw10420333,imdbfan-4892086641,-2.0,,-2.0,,,-2
rw10390836,denisjulienbegin,1.0,,2.0,1.0,,1
rw10400686,miles-93119,-2.0,,1.0,,,-1
rw10401313,imdbfan-2451200546,-2.0,,,,,-2
rw10412294,imdbfan-0836477743,-2.0,-1.0,,,,-2
rw10423125,Bodybloodweb,-2.0,-2.0,-2.0,,-2.0,-2
rw10410345,imdbfan-6387138100,-2.0,-2.0,-2.0,0.0,,-2
rw10393769,imdbfan-5101467063,-1.0,-1.0,,,,-1
rw10408021,imdbfan-7309427754,-2.0,-1.0,-2.0,,,-2
rw10424558,mayayafi-62520,-2.0,-2.0,-2.0,,,-2
rw10424706,mgepstein,-2.0,,-2.0,,-2.0,-2
rw10420271,imdbfan-8258256277,-2.0,-2.0,,1.0,,-2
rw10427181,imdbfan-8231456233,-2.0,-2.0,-2.0,-2.0,,-2
rw10427057,olivlemay,-2.0,-2.0,-2.0,,,-2
rw10431547,imdbfan-9349170562,-2.0,-2.0,-2.0,,,-2
rw10424499,patriot-89500,-1.0,1.0,-1.0,,,-1
rw10439338,imdbfan-3647856285,-2.0,-2.0,,,,-2
rw10398397,imdbfan-2966438266,0.0,1.0,-1.0,2.0,,1
rw10427097,imdbfan-1651637493,-2.0,-2.0,-2.0,,-2.0,-2
rw10424682,gustavo-78957,-2.0,-1.0,,,-2.0,-2
rw10434002,alexp-80,-1.0,-1.0,-1.0,,,-1
rw10410235,imdbfan-3530055842,-1.0,,,-1.0,-1.0,-1
rw10425168,imdbfan-4597731195,-2.0,-2.0,,,,-2
rw10394745,thomasguinot,-1.0,-2.0,0.0,,,-1
rw10430631,ariefiskandar-82980,-2.0,-2.0,-2.0,-2.0,,-2
rw10427348,sparrow-29,1.0,1.0,,1.0,,1
rw10429552,groganava,-2.0,1.0,-1.0,,,-1
rw10411273,dasithkuruppu,-2.0,-2.0,-2.0,,,-2
rw10429874,imdbfan-6054071430,-2.0,,,,,-2
rw10417753,artctgbd,-2.0,-2.0,-2.0,,,-2
rw10414676,imdbfan-4525705962,-2.0,,,,-1.0,-1
rw10415609,alhemyarifatima,-2.0,-2.0,-2.0,,,-2
rw10414784,imdbfan-4177543762,-2.0,-2.0,-2.0,-1.0,,-2
rw10415913,imdbfan-7684202618,1.0,-1.0,,,1.0,1
rw10421980,kjwkjjhuv,-1.0,-2.0,,,,-1
rw10406392,hamishnicoll,-2.0,-2.0,-2.0,,,-2
rw10418870,imdbfan-9935677129,-2.0,-2.0,-2.0,,,-2
rw10405011,imdbfan-0587991188,-2.0,-1.0,-2.0,-2.0,-1.0,-2
rw10422262,imdbfan-9607945133,-2.0,-2.0,-2.0,-2.0,,-2
rw10417646,myachavez-67483,-2.0,-1.0,-2.0,,-1.0,-2
rw10405594,imdbfan-6303576151,,-2.0,,,,-2
rw10415245,imdbfan-0227295257,-2.0,,,-2.0,-2.0,-2
rw10428824,imdbfan-4622799759,0.0,-1.0,,1.0,,0
rw10415759,imdbfan-9676373523,-2.0,-2.0,-2.0,,-1.0,-2
rw10406948,imdbfan-8310479506,-2.0,-1.0,-1.0,,-2.0,-1
rw10415201,ArmandoRodriquezStudios,-2.0,0.0,,,,-1
rw10416102,imdbfan-5979555243,-2.0,,,,,-2
rw10404927,imdbfan-1562813970,-2.0,,-2.0,,,-2
rw10414808,imdbfan-8576530107,-2.0,-2.0,,,,-2
rw10415018,abhijeetranjan-57006,-2.0,-2.0,-2.0,-2.0,-2.0,-2
rw10431863,trinathon,1.0,1.0,0.0,1.0,1.0,1
rw10405601,jordanhinkle-63423,-2.0,-2.0,-2.0,-2.0,-2.0,-2
rw10420553,jpnknmkz,-2.0,-2.0,,,,-2
rw10422504,mikelleonardi,-2.0,-2.0,,,,-2
rw10415736,harrykroll,-1.0,-1.0,-1.0,,,-2
rw10415020,imdbfan-9501646881,-2.0,-2.0,,,,-2
rw10407035,TarantinosLoveChild,-2.0,-2.0,,,,-2
rw10415215,imdbfan-1853525047,-2.0,-2.0,-2.0,,,-2
rw10405640,imdbfan-2097884327,-2.0,-2.0,-2.0,,,-2
rw10406894,HomoTrekkie,2.0,2.0,2.0,,2.0,2
rw10404939,vr1234,-1.0,-1.0,-1.0,,,-2
rw10405280,mdsoheb-92363,-1.0,,0.0,,,-1
rw10405821,Tulia_Talee,-2.0,,,,-1.0,-2
rw10405194,adarshnagangowda,-2.0,-2.0,,,-2.0,-2
rw10415871,imdbfan-3390636307,-2.0,,,,,-2
rw10406657,lakindu1997,-2.0,-2.0,-2.0,-2.0,,-2
rw10414911,jrarakelyan,-1.0,,-1.0,,-1.0,-1
rw10405195,hptgftmmh,-2.0,-2.0,-2.0,,,-2
rw10390325,morris-tanay,1.0,1.0,1.0,1.0,1.0,1
rw10405203,ghostlytheater,-2.0,,,,-1.0,-1
rw10415964,imdbfan-6129410007,-2.0,-1.0,,,,-2
rw10416124,imdbfan-8840632083,-2.0,-2.0,0.0,,,-2
rw10414974,imdbfan-5475492967,-2.0,,-2.0,-2.0,,-2
rw10415149,imdbfan-6141292739,-1.0,,,,-1.0,-1
rw10405288,boseswati-89719,-2.0,-1.0,-2.0,-2.0,,-2
rw10404928,ajgaaron,-2.0,-2.0,,-2.0,,-2
rw10415749,trentkilford,-2.0,,-2.0,,-1.0,-2
rw10394481,imdbfan-6294567091,0.0,,,1.0,,1
rw10418207,imdbfan-6031028279,-1.0,1.0,-1.0,,,-1
rw10418136,nipanderson,-2.0,-1.0,-2.0,,,-2
rw10414736,imdbfan-9400086866,-1.0,-1.0,-1.0,-1.0,-1.0,-2
rw10404954,blackphenomx,-1.0,-1.0,,,,-2
rw10407020,rohanmiskin,-2.0,,0.0,,,-2
rw10417452,MattsChristina,-1.0,-1.0,-2.0,,,-1
rw10422360,imdbfan-2933811547,-2.0,-1.0,-2.0,1.0,,-1
rw10417638,imdbfan-2250976754,-2.0,-1.0,,,,-2
rw10394795,imdbfan-6939546806,2.0,,2.0,2.0,1.0,2
rw10414445,ghadaelgarf,-2.0,-2.0,,,,-2
rw10406343,imdbfan-2838631750,-2.0,-2.0,-2.0,,,-2
rw10414639,jafarym-93640,-2.0,,-2.0,-2.0,,-2
rw10406228,imdbfan-5004133252,-2.0,-1.0,-2.0,1.0,,-2
rw10413172,kim-215-306612,-1.0,1.0,-2.0,1.0,,0
rw10406364,imdbfan-8278774145,-2.0,,-2.0,,-2.0,-2
rw10414981,imdbfan-9953855339,-2.0,,,,,-2
rw10415767,datalifeplus-89582,-2.0,,-2.0,,,-2
rw10414458,imdbfan-7855825593,-2.0,-2.0,,,,-2
rw10394063,cocolacausa,0.0,1.0,1.0,1.0,,1
rw10415276,tekerciogluserkan,-2.0,-2.0,-2.0,,,-2
rw10417492,imdbfan-3589276784,-2.0,-2.0,-2.0,,,-2
rw10415161,darkjak-705-344077,-1.0,,,-1.0,,-2
rw10417615,imdbfan-2239943945,-2.0,,,,-2.0,-2
rw10406617,imdbfan-6000144408,-2.0,,,,0.0,-2
rw10405398,imdbfan-0798818364,-2.0,-2.0,-2.0,,,-2
rw10414734,imdbfan-4875725355,-2.0,-2.0,-2.0,-2.0,,-2
rw10414988,hiteshkumar-60619,-2.0,-1.0,-2.0,,,-2
rw10403144,kaemoss,0.0,1.0,1.0,1.0,1.0,1
rw10417766,jeayese,-2.0,,,,,-2
rw10406980,kris-52678,-2.0,-2.0,,,,-2
rw10405213,AvailableForHire,-1.0,,-1.0,,,-1
rw10414861,dhtjat,-1.0,-1.0,,,,-1
rw10417640,qusaiosela,-2.0,-2.0,-2.0,-2.0,,-2
rw10422653,xianghua71,-2.0,-2.0,-2.0,,-2.0,-2
rw10404915,mermaidkurosaki,-2.0,,,,,-2
rw10405663,Thrill-fly-23,-2.0,,-2.0,,,-2
rw10405298,nqqgfhytv,-2.0,-2.0,-2.0,-1.0,,-2
rw10407087,hazelbld,-1.0,-1.0,-1.0,1.0,,-1
rw10406942,imdbfan-9416123299,-2.0,-2.0,-2.0,-2.0,,-2
rw10415237,imdbfan-7492731131,-2.0,,,,-2.0,-2
rw10406457,DanteMohzgin,-2.0,-2.0,,,,-2
rw10415424,imdbfan-7830245696,-2.0,-1.0,,-2.0,-1.0,-2
rw10415100,imdbfan-4172944004,-1.0,-1.0,,,,-1
rw10432012,imdbfan-185,1.0,2.0,1.0,2.0,1.0,1
rw10406728,lapcopca,-2.0,,-2.0,,,-2
rw10422652,imdbfan-3436876749,-2.0,-1.0,,-1.0,,-2
rw10415234,imdbfan-6517269435,-2.0,-2.0,-2.0,,,-2
rw10406396,will-824-805360,-2.0,,,,,-2
rw10406315,imdbfan-0339838096,-2.0,-2.0,-2.0,-2.0,,-2
rw10422999,chriskeene-20520,0.0,1.0,,0.0,,0
rw10415970,imdbfan-2693423436,-2.0,,,,,-2
rw10414642,xtyx728,-2.0,-2.0,-2.0,,,-2
rw10401370,imdbfan-7717870944,1.0,,,-1.0,1.0,1
rw10418214,imdbfan-3221641175,-2.0,-2.0,-2.0,-1.0,,-2
rw10417547,imdbfan-4044942902,,-2.0,-2.0,,,-2
rw10406114,gijsscheppingen,-2.0,-2.0,,,,-2
rw10417526,imdbfan-0454061313,-2.0,-2.0,-2.0,-2.0,,-2
rw10415464,makisee,-2.0,-2.0,-2.0,-2.0,,-2
rw10414708,arponsaha-46798,-2.0,-2.0,-2.0,-2.0,,-2
rw10418712,SH12,-2.0,,,,,-2
rw10405256,insomniaceve,-2.0,,-2.0,,-2.0,-2
rw10390503,freesancocho,1.0,1.0,1.0,,,1
rw10417503,imdbfan-0970396546,-2.0,-2.0,-2.0,,-2.0,-2
rw10418781,imdbfan-1035464031,-2.0,-2.0,,,,-2
rw10415250,imdbfan-7845415883,-2.0,-2.0,-2.0,,-2.0,-2
rw10404966,imdbfan-9986163883,-2.0,1.0,,,,-2
rw10416052,ricodog99,-2.0,-2.0,,,-2.0,-2
rw10414957,imdbfan-2588099786,-2.0,-2.0,-2.0,-2.0,,-2
rw10410927,imdbfan-7367749772,-2.0,-2.0,-1.0,-2.0,,-2
rw10415882,alecioribeiro,-2.0,-2.0,-2.0,,,-2
rw10407011,draganspanec,-2.0,-1.0,-2.0,-2.0,,-1
rw10391377,imdbfan-0783138220,1.0,2.0,-1.0,,,1
rw10406673,imdbfan-1125397133,-1.0,-2.0,,,,-1
rw10406268,testmedarshan,-2.0,,,,,-2
rw10425510,bigubergeek,-2.0,-2.0,-2.0,,,-2
rw10394787,Godfather0219,-1.0,1.0,-1.0,1.0,,0
rw10429862,vbmfzf,-2.0,-2.0,-2.0,,,-2
rw10429967,imdbfan-6592512447,-2.0,-2.0,-2.0,-2.0,,-2
rw10393446,mikael_uman,-1.0,2.0,,,,-1
rw10425182,imdbfan-3980672718,-2.0,,,,,-2
rw10393355,kwalker-74144,1.0,,2.0,,1.0,2
rw10424449,dk-37052,,-2.0,,,0.0,-1
rw10423488,andrewhixson-97094,-2.0,-2.0,,-2.0,,-2
rw10427935,imdbfan-3311942023,-2.0,-2.0,-2.0,,-2.0,-2
rw10405507,imdbfan-7670303489,-1.0,-1.0,-2.0,,,-1
rw10432734,SquirrelJam,-2.0,-2.0,-2.0,-2.0,-1.0,-2
rw10432666,imdbfan-097,-2.0,-2.0,,,,-2
rw10425470,VanessaMadrid0611,-1.0,2.0,,,,-1
rw10395516,lmjim,1.0,2.0,1.0,1.0,,1
rw10433946,imdbfan-3689416192,-1.0,,,,-1.0,-1
rw10409573,mmrsxxs,-2.0,-2.0,-2.0,,,-2
rw10405935,imdbfan-6595799777,-2.0,-2.0,-2.0,-2.0,,-2
rw10420035,WhatTheAudienceReallyThinks,-2.0,1.0,-2.0,-2.0,,-2
rw10408896,imdbfan-7706294485,-2.0,,,,-1.0,-1
rw10417941,imdbfan-6158010611,-1.0,-2.0,,,,-2
rw10411419,AnimatedCritic,1.0,2.0,2.0,,1.0,2
rw10408565,imdbfan-4451044804,-2.0,-2.0,-2.0,-2.0,,-2
rw10409237,imdbfan-1659301972,-2.0,-2.0,-2.0,,,-2
rw10409105,imdbfan-8836915490,-2.0,-2.0,-2.0,-2.0,,-2
rw10409131,imdbfan-2436200162,-1.0,-1.0,-1.0,,-1.0,-1
rw10408629,imdbfan-4285553354,-2.0,-1.0,-2.0,0.0,,-2
rw10409566,imdbfan-5565414520,-2.0,0.0,-2.0,-2.0,-1.0,-2
rw10408732,imdbfan-6485831859,-2.0,,-2.0,,,-2
rw10408710,eminmmdv-40815,-2.0,,-2.0,-2.0,,-2
rw10436526,aliyaheubanks,1.0,1.0,2.0,1.0,1.0,1
rw10408722,imdbfan-5620704900,-2.0,-2.0,,,,-2
rw10427236,enriconeri1973,-2.0,,-2.0,-2.0,,-2
rw10409214,hannibalhs,-2.0,-2.0,-2.0,,-1.0,-2
rw10408747,imdbfan-1119836947,-2.0,-1.0,,,,-2
rw10409288,peterpbrown-37964,-2.0,-2.0,-2.0,-2.0,,-2
rw10419335,nataperec,-2.0,-2.0,-2.0,,,-2
rw10410395,imdbfan-7498865498,,,,,-2.0,-2
rw10408741,imdbfan-6416276999,-1.0,,1.0,,,-1
rw10409159,imdbfan-5683686639,-2.0,,1.0,,-1.0,-1
rw10420124,imdbfan-9429579753,0.0,1.0,1.0,0.0,0.0,1
rw10409894,olahbalint-48574,-2.0,,-2.0,,,-2
rw10408533,imdbfan-0384115248,-2.0,-2.0,-2.0,,,-2
rw10409383,dtsttjj,-1.0,,1.0,,,-1
rw10410334,imdbfan-0356495106,-2.0,-1.0,,,,-2
rw10424376,alextjh,-1.0,,-2.0,1.0,,-1
rw10410958,imdbfan-3473034862,-2.0,-2.0,-2.0,,,-2
rw10410242,imdbfan-6374378350,-2.0,-2.0,-2.0,,,-2
rw10398680,imdbfan-3250255434,0.0,,1.0,0.0,,1
rw10409146,imdbfan-5154557037,-2.0,,-2.0,,,-2
rw10410335,rjennish,-2.0,-1.0,,,-2.0,-2
rw10412407,bonnski,,-2.0,,,,-2
rw10408546,njxtkvsd,-2.0,1.0,,,,-2
rw10408590,imdbfan-2530445549,-2.0,-2.0,,,,-2
rw10405595,sa-80221,-2.0,-1.0,-2.0,,,-2
rw10427105,sukhsarm,,,,,-1.0,-2
rw10409223,omgitsedv,,,,,-2.0,-2
rw10433060,jxycrr,1.0,1.0,,1.0,1.0,1
rw10410029,imdbfan-3321247828,-1.0,,,,,-1
rw10427314,imdbfan-5176708017,-2.0,-1.0,,,-1.0,-1
rw10427278,karyparker1,-2.0,-1.0,,-1.0,-1.0,-2
rw10408833,ThehonestReviewer45,,-2.0,-2.0,,,-2
rw10409389,vittoriomariatantalo,-2.0,-2.0,,,-1.0,-1
rw10409341,yqkpqxqh,-2.0,-2.0,-2.0,,,-2
rw10408764,wokiloki,-2.0,,,,-2.0,-2
rw10410708,lukem-57030,-2.0,-2.0,-2.0,,,-2
rw10431273,tijdvoordesleutel,2.0,2.0,2.0,1.0,2.0,2
rw10407109,imdbfan-6339440421,-2.0,-2.0,,,,-2
rw10408694,imdbfan-3943631491,-1.0,,1.0,,,-1
rw10410371,imdbfan-3835704347,-1.0,-1.0,1.0,,,-1
rw10408701,imdbfan-2633578518,-2.0,,,,,-2
rw10428546,mckayburg,-2.0,-2.0,-2.0,-2.0,,-2
rw10409949,andronescu,-2.0,,,,-2.0,-2
rw10409229,huseyinacikgoz-68137,-1.0,-1.0,-1.0,,,-2
rw10432234,inasssataroo,-2.0,-2.0,-2.0,,,-2
rw10409258,jacopomstrada,-2.0,-2.0,-2.0,-1.0,,-2
rw10411185,imdbfan-8718243346,1.0,,1.0,,,1
rw10405866,denbestenromy,-1.0,1.0,,,,-1
rw10423117,imdbfan-5592230037,-2.0,-2.0,-2.0,-1.0,,-2
rw10409269,fkrhqnpz,-2.0,-2.0,-1.0,,-2.0,-2
rw10409072,Django707,-2.0,,,,-2.0,-2
rw10409847,1Forrest-1,-2.0,-2.0,,0.0,,-2
rw10403266,sky_sam,-1.0,0.0,-1.0,0.0,-1.0,0
rw10408776,imdbfan-1226078501,-1.0,,,,,-1
rw10424681,imdbfan-3837956889,-2.0,,-2.0,,,-2
rw10424288,imdbfan-7711299366,-2.0,-2.0,-2.0,,,-2
rw10431572,camden-78604,-2.0,-1.0,-2.0,,,-2
rw10424316,imdbfan-1698120843,-2.0,,-2.0,,,-2
rw10432565,LindaD-9,-2.0,1.0,,,,-1
rw10412695,violltta,-2.0,-2.0,,,,-2
rw10407078,natashber,,-2.0,,,,-1
rw10424802,Colburnn51,-2.0,,-2.0,-2.0,,-2
rw10427648,imdbfan-4603751977,-2.0,-1.0,-2.0,,,-2
rw10424180,imdbfan-2788996245,-1.0,-2.0,,,,-2
rw10412802,desertlight-84200,,-2.0,,,,-2
rw10424264,imdbfan-6581796261,-1.0,-1.0,-1.0,,,-2
rw10432378,kksgwdzkjc,-2.0,-2.0,-2.0,,,-2
rw10423230,imdbfan-6928882997,-2.0,,-1.0,,,-2
rw10424274,imdbfan-0021763163,-1.0,-2.0,-2.0,,,-2
rw10423259,richard-424-837779,-2.0,-2.0,-1.0,,,-2
rw10424334,imdbfan-5865242235,-1.0,,1.0,-1.0,-1.0,-1
rw10393717,imdbfan-3750228894,-2.0,-2.0,-2.0,1.0,0.0,-2
rw10408684,esthervk,1.0,2.0,2.0,1.0,,2
rw10407289,sharondwb,-1.0,0.0,1.0,-1.0,,-1
rw10429592,aburayalayan,-2.0,-2.0,-2.0,1.0,,-2
rw10423291,Darren.,-2.0,1.0,,,,-2
rw10428909,imdbfan-5658240691,-2.0,-2.0,-2.0,,,-2
rw10428952,imdbfan-7421039298,-2.0,-2.0,-2.0,,,-2
rw10423413,kpwnjwjmw,-2.0,,,,,-1
rw10409444,nikos-27399,-2.0,-1.0,-1.0,,,-2
rw10424515,Jouford,-2.0,-2.0,-2.0,,,-2
rw10425175,horrorfan-84482,-2.0,-1.0,,,0.0,-2
rw10405374,maryskywalker11,-2.0,-1.0,1.0,0.0,-2.0,-1
rw10424863,imdbfan-7096848301,-2.0,-2.0,,,-2.0,-2
rw10410772,imdbfan-7246880018,-2.0,-2.0,,,,-2
rw10424015,Theres_A_Fly_In_My_Soup,-2.0,-2.0,-2.0,,,-2
rw10410753,napacastro,-2.0,-1.0,,,,-2
rw10410726,sopyay1814,-2.0,-2.0,-2.0,-2.0,,-2
rw10423869,nvossor,-2.0,-2.0,-2.0,,,-2
rw10423978,icejansantos,-2.0,-2.0,-2.0,-2.0,,-2
rw10417754,imdbfan-1370899208,-2.0,1.0,,,,-2
rw10410205,big-sky14,-2.0,-2.0,,,,-2
rw10400455,dismisser,-1.0,0.0,0.0,,-1.0,-1
rw10401467,imdbfan-7569119742,1.0,,1.0,1.0,1.0,1
rw10390471,sasaperendic,-1.0,0.0,1.0,-1.0,,-1
rw10409902,gangstax,-1.0,,,,-1.0,-1
rw10406005,imdbfan-0177925619,-1.0,-2.0,,,,-2
rw10409622,imdbfan-2738444943,-2.0,-2.0,-1.0,,,-2
rw10405330,imdbfan-7795232551,-1.0,,,,-1.0,-1
rw10405331,imdbfan-2018997421,-2.0,-2.0,-2.0,,,-2
rw10409689,imdbfan-0164893905,-2.0,,,,-2.0,-2
rw10406089,royeric-rivera,-2.0,,,,-2.0,-2
rw10400882,hheam,0.0,1.0,,0.0,,1
rw10409909,imdbfan-0367611746,-2.0,-2.0,-2.0,,,-2
rw10410416,bllprtr,-2.0,-2.0,1.0,,,-1
rw10408218,imdbfan-3574193629,-1.0,,,-1.0,,-1
rw10410425,imdbfan-9407054178,,,,,,-2
rw10405754,imdbfan-2780792432,-1.0,-2.0,,,,-2
rw10408323,bajwanavraj-49272,-2.0,,,,-1.0,-2
rw10406135,maciasusn,-2.0,-2.0,-2.0,,,-2
rw10408778,imdbfan-7630902034,-2.0,,-1.0,-1.0,,-2
rw10395973,wileybeanstar,1.0,2.0,,1.0,,1
rw10405840,imdbfan-3220240814,-2.0,-2.0,,,-2.0,-2
rw10408255,kocheko,-2.0,-2.0,-2.0,,,-2
rw10409417,imdbfan-5995150666,-2.0,-1.0,-2.0,-2.0,,-2
rw10409575,krishjha,-2.0,-2.0,-2.0,,,-2
rw10409317,imdbfan-3623769952,-2.0,,-2.0,,,-2
rw10408324,imdbfan-0268100576,-1.0,,,,-1.0,-1
rw10405376,colinbrigmann,-2.0,-2.0,-2.0,,,-2
rw10398375,my_haappiness,1.0,2.0,1.0,1.0,,1
rw10410246,imdbfan-5930401712,-2.0,-2.0,,,,-2
rw10409834,groupfitnesshb,-2.0,-2.0,-2.0,,,-2
rw10405281,pfthcx,-2.0,-2.0,-2.0,,,-2
rw10405150,imdbfan-3254330945,-2.0,-2.0,,,-2.0,-2
rw10409372,imdbfan-9393962989,-2.0,,,,,-2
rw10410468,imdbfan-3027017594,-2.0,-2.0,-2.0,,,-2
rw10408259,imdbfan-4395889059,-2.0,-2.0,,,,-2
rw10405576,imdbfan-8029935184,-2.0,-1.0,,,,-2
rw10395020,Rstein926,-1.0,2.0,1.0,1.0,,1
rw10409435,imdbfan-7561438526,-1.0,,-1.0,,,-1
rw10409487,imdbfan-1120823084,-1.0,-1.0,,,-1.0,-1
rw10409673,mione-25152,-2.0,-1.0,-2.0,-1.0,-1.0,-2
rw10405805,imdbfan-0927254067,-2.0,-2.0,,,,-2
rw10409355,imdbfan-3676721997,-2.0,-2.0,-2.0,-2.0,,-2
rw10408620,jennyfuszard,-1.0,,-1.0,,,-1
rw10409562,imdbfan-9557896300,-2.0,-2.0,,,,-2
rw10397504,flurry-79022,2.0,2.0,2.0,2.0,2.0,2
rw10405438,sardarhamza-90443,-1.0,,-1.0,-1.0,,-2
rw10409895,imdbfan-5521814931,-2.0,-2.0,,,,-2
rw10409326,BornaVz,-2.0,,,,,-2
rw10419148,tobyli-19052,-2.0,,-2.0,,,-2
rw10405783,marcobraz13,-2.0,-1.0,-2.0,,,-2
rw10409735,angriegra,-2.0,-2.0,-2.0,,-2.0,-2
rw10405190,imdbfan-6746545022,-2.0,-1.0,,1.0,,-2
rw10405215,BornAgainSavage,-2.0,-2.0,-2.0,,,-2
rw10398558,oliviamcxx,1.0,,,2.0,,1
rw10409757,k_g_atanasov,-2.0,,,,,-2
rw10410397,imdbfan-6337974300,-2.0,-2.0,,,-2.0,-2
rw10410391,vismaypatil,-2.0,,-1.0,,,-2
rw10410072,imdbfan-2932364481,-2.0,-1.0,-2.0,,,-2
rw10405721,imdbfan-0810603439,-2.0,-2.0,-2.0,,,-2
rw10409284,carlaxlopez,-2.0,,,,-1.0,-2
rw10408466,imdbfan-5332429419,-2.0,,-2.0,-2.0,,-2
rw10428729,donna3939,-2.0,,,,,-2
rw10405248,parisbacon-62670,-1.0,0.0,-1.0,2.0,0.0,0
rw10410079,imdbfan-0407057277,,-2.0,,,,-2
rw10408314,jnqtjfhy,-1.0,-1.0,0.0,-1.0,,-1
rw10409315,sarawut_pat,-1.0,,,1.0,-1.0,-1
rw10410433,imdbfan-2331680221,-2.0,-1.0,,-2.0,-1.0,-2
rw10410044,imdbfan-7011873379,-1.0,-2.0,-1.0,,,-1
rw10409827,imdbfan-0596874937,-2.0,,,,,-2
rw10426587,verrucktcarlos,-2.0,-2.0,,-2.0,-2.0,-2
rw10427252,joshjd-16535,-2.0,,,,-1.0,-1
rw10405302,imdbfan-2143139986,-2.0,-2.0,,,,-2
rw10410048,wwmayaty,-2.0,-2.0,-2.0,-2.0,-1.0,-2
rw10414633,imdbfan-7179882169,-2.0,,,,-1.0,-2
rw10421745,imdbfan-9805156954,,-2.0,-2.0,,,-2
rw10406101,imdbfan-8533007153,-1.0,,,,-1.0,-1
rw10418620,imdbfan-0395539036,-2.0,-2.0,,,,-2
rw10418405,imdbfan-0220779062,-2.0,-2.0,,,,-2
rw10435504,elmaryann,1.0,-1.0,,2.0,,1
rw10406351,AK_7_,-2.0,,-1.0,,,-2
rw10415253,imdbfan-2004072355,-2.0,-2.0,,,,-2
rw10422441,imdbfan-0096858194,-2.0,-2.0,,,,-2
rw10422429,imdbfan-8029647444,-1.0,0.0,0.0,0.0,,0
rw10414544,imdbfan-6023173775,,-2.0,-2.0,,,-2
rw10406056,imdbfan-3815693144,-2.0,-2.0,-2.0,,-2.0,-2
rw10405471,imdbfan-5625328903,-1.0,,,,,0
rw10420598,imdbfan-0601699003,-2.0,-2.0,-2.0,-2.0,,-2
rw10406257,imdbfan-2153043332,-2.0,-2.0,-2.0,-2.0,,-2
rw10427372,jwmbeckers,2.0,2.0,2.0,2.0,2.0,2
rw10405907,imdbfan-2372378165,-2.0,-2.0,,,,-2
rw10405079,imdbfan-5729602426,-2.0,,,,-1.0,-2
rw10405004,MrJoeBanks,-2.0,,-2.0,,,-2
rw10419143,Rob0784556147,-2.0,,-2.0,-2.0,,-2
rw10405073,idklul,-2.0,-2.0,-2.0,,,-2
rw10415971,pleonasmo_vicioso,-2.0,,,-2.0,,-2
rw10405407,imdbfan-3315685309,-2.0,-1.0,,,,-2
rw10402921,imdbfan-2738062968,,2.0,2.0,2.0,,1
rw10415410,imdbfan-2868760300,-2.0,,-2.0,,,-2
rw10406816,imdbfan-7642571588,-1.0,-1.0,-2.0,,,-1
rw10418805,imdbfan-6977779534,-2.0,,,,-2.0,-2
rw10415699,imdbfan-7880113691,-2.0,,0.0,,,-1
rw10422069,starseekkeers,-2.0,-2.0,-2.0,,,-2
rw10414466,chappsman,-1.0,-1.0,-2.0,-1.0,,-2
rw10422018,imdbfan-0913967765,-2.0,-2.0,-2.0,,,-2
rw10406828,imdbfan-0054817984,-2.0,-2.0,-2.0,,,-2
rw10400965,leith-chahed,1.0,,,,,1
rw10414541,imdbfan-1053499176,-2.0,-1.0,-2.0,,,-2
rw10413793,TapchantRandom,1.0,2.0,,,1.0,1
rw10415417,imdbfan-9950469848,-1.0,-1.0,-1.0,,,-1
rw10414684,imdbfan-1577522135,-2.0,-2.0,0.0,,,-2
rw10406475,carlosabolivart,-2.0,,-2.0,,-2.0,-2
rw10405480,thirty_fd,-2.0,-2.0,-2.0,,,-2
rw10418766,imdbfan-7081760920,-2.0,,1.0,,,-2
rw10418476,sergiucalborean,-1.0,,-1.0,,-1.0,-1
rw10415812,imdbfan-6691581348,-2.0,,-2.0,,,-2
rw10418683,imdbfan-0767324567,-2.0,-2.0,-2.0,,,-2
rw10408946,imdbfan-8412926032,,2.0,2.0,2.0,,2
rw10406469,imdbfan-2390462826,-2.0,-2.0,-2.0,,,-2
rw10406792,MdAkiffShariff,-1.0,,-1.0,,,-1
rw10405364,imdbfan-6381023171,-1.0,-1.0,-1.0,,,-1
rw10406047,imdbfan-0870352277,-2.0,-2.0,-2.0,,,-2
rw10406588,maiaus,-2.0,,,,,-2
rw10419023,imdbfan-0861427822,-2.0,-2.0,,,-1.0,-2
rw10422570,imdbfan-9528161694,-1.0,,,,-1.0,-1
rw10400261,disney3738282,0.0,,1.0,1.0,,1
rw10422499,imdbfan-4545804371,-2.0,-2.0,-1.0,,,-2
rw10418387,abdulrana-23449,-1.0,-2.0,,,,-2
rw10415976,imdbfan-2457796043,-2.0,-2.0,,,,-2
rw10419105,imdbfan-9773738793,-2.0,,-2.0,,,-2
rw10418347,imdbfan-1774421302,-2.0,-2.0,,,-1.0,-2
rw10405763,pjvmcvp,,,,,-2.0,-2
rw10418574,imdbfan-0123271885,-2.0,,,,,-2
rw10406391,imdbfan-9740703038,-2.0,-2.0,-2.0,-2.0,,-2
rw10396103,daanheber,2.0,2.0,2.0,2.0,,2
rw10422000,closerone-94491,-1.0,-1.0,-1.0,,,-2
rw10418719,imdbfan-4026543883,-2.0,-2.0,-2.0,,,-2
rw10421972,Maeldea,-2.0,,-2.0,,-2.0,-2
rw10405645,imdbfan-8334851154,-2.0,,,,-2.0,-2
rw10429550,imdbfan-5067177248,-2.0,,-2.0,,-1.0,-2
rw10409083,hammadasif-41126,-2.0,-2.0,,,,-2
rw10429470,imdbfan-0641605186,-2.0,-2.0,-2.0,,-2.0,-2
rw10409099,imdbfan-0820702794,-2.0,-2.0,,,,-2
rw10425067,EthanHunterX,-2.0,,,,-2.0,-2
rw10407647,imdbfan-0979518924,0.0,1.0,,,,1
rw10410031,imdbfan-4581806123,-2.0,-1.0,,1.0,,-1
rw10432821,Zbeachy07,-2.0,-2.0,,,,-2
rw10427947,srp_2000,-1.0,1.0,-1.0,0.0,,0
rw10419589,qksjcs,-2.0,-2.0,,,,-2
rw10410959,alexfava-96740,-2.0,,-2.0,-2.0,,-2
rw10397841,Lightning_Dude,-1.0,-1.0,2.0,1.0,,-1
rw10409770,imdbfan-5509635086,-2.0,-2.0,,,,-2
rw10401299,grigoraaakis-889-295918,-2.0,-1.0,,-2.0,,-2
rw10409920,imdbfan-9273840330,-2.0,-2.0,,,,-2
rw10434344,imdbfan-7984672727,2.0,2.0,2.0,2.0,2.0,2
rw10409663,nimrodg14,-1.0,-2.0,2.0,,,-1
rw10408361,imdbfan-2438531007,,,,,,-2
rw10408872,imdbfan-1582163815,,-2.0,,,,-2
rw10409227,reshantnimbalkar-93887,-1.0,-1.0,,,,-1
rw10408331,shradhaprabhakar,-2.0,-1.0,,,,-2
rw10409914,charlee1985,-2.0,-1.0,-2.0,-1.0,,-2
rw10410352,capstok-96279,-2.0,-2.0,-2.0,-2.0,,-2
rw10414170,imdbfan-9637938864,1.0,,,2.0,1.0,1
rw10408315,ngocana,-2.0,,-2.0,,,-2
rw10408785,ngising,-2.0,-2.0,-2.0,,,-2
rw10409302,binupadisarathna,-1.0,-1.0,2.0,1.0,,1
rw10409166,imdbfan-0872429963,-2.0,,,,,-1
rw10408457,aviary-14278,-2.0,-2.0,1.0,,,-1
rw10408798,lahiru-lls,-1.0,-1.0,-1.0,,,-2
rw10408362,imdbfan-9712738578,-2.0,,,1.0,,-2
rw10410200,kimm-67131,-1.0,,1.0,,-1.0,-1
rw10401604,fishyfilm,1.0,2.0,,,,1
rw10409397,imdbfan-2138154180,-2.0,-2.0,-2.0,,,-2
rw10405027,imdbfan-3293600737,-1.0,-2.0,-1.0,,-1.0,-1
rw10409359,imdbfan-5158400097,-2.0,,-1.0,,,-2
rw10410089,imdbfan-5696578642,-1.0,-2.0,,,,-1
rw10408278,imdbfan-6461983177,-1.0,,,,-2.0,-1
rw10409419,rustom-razon,-2.0,-2.0,-2.0,,,-2
rw10408347,Unoy5,-1.0,-1.0,-1.0,-1.0,,-2
rw10408826,didavid61202,-2.0,-2.0,-2.0,,,-2
rw10408517,m311_,-2.0,-2.0,-2.0,,,-2
rw10409866,johnmcgee-61188,-2.0,,,,-2.0,-2
rw10409768,imdbfan-3033223443,-2.0,,-2.0,-1.0,,-2
rw10409213,princehussy,-2.0,,-2.0,,,-2
rw10410588,imdbfan-9616536669,-2.0,,-2.0,,-1.0,-2
rw10410677,imdbfan-1585384276,-2.0,1.0,,-1.0,-1.0,-1
rw10408414,imdbfan-3696763895,-2.0,-2.0,,,-1.0,-1
rw10429044,liamirvine-77159,-1.0,-2.0,-1.0,,-1.0,-2
rw10404054,imdbfan-1758779014,2.0,2.0,2.0,2.0,2.0,2
rw10409204,imdbfan-1894006583,-2.0,,-2.0,,-1.0,-2
rw10410362,blake-wilson10,-2.0,-2.0,-2.0,,,-2
rw10409968,creetar,-1.0,-1.0,-2.0,,,-1
rw10408545,vbnetlord,-2.0,-2.0,-2.0,,-2.0,-2
rw10409723,imdbfan-8724842189,-2.0,-2.0,-2.0,,,-2
rw10408226,thanasitone,-2.0,,-2.0,,,-2
rw10405242,imdbfan-7641822528,-2.0,,,,,-2
rw10409488,imdbfan-0800845390,-2.0,-2.0,-2.0,,,-2
rw10397985,zeinaawedikian,1.0,1.0,1.0,,,2
rw10410094,imdbfan-7534494692,-2.0,,-1.0,,,-2
rw10408468,blackcatlegacy,-2.0,-2.0,-2.0,,,-2
rw10409946,SaNa-360-329317,-2.0,0.0,,,-2.0,-2
rw10409800,mriceimbd,-1.0,1.0,,,-1.0,-1
rw10409544,imdbfan-6234664786,-2.0,-2.0,-2.0,-2.0,,-2
rw10409297,imdbfan-0960556447,-1.0,-1.0,-2.0,,,-2
rw10410585,jsu317,-1.0,,,,-1.0,-1
rw10408683,imdbfan-1891954544,-2.0,-2.0,-2.0,,,-2
rw10396555,dswete,1.0,-1.0,1.0,2.0,,1
rw10410085,muzotime-57720,-1.0,-2.0,,,,-1
rw10426165,imdbfan-9205190687,0.0,1.0,1.0,1.0,,1
rw10409137,udyantrivedi-14859,-2.0,-2.0,-2.0,,,-2
rw10408647,imdbfan-4450402556,-2.0,-1.0,0.0,-1.0,,-2
rw10408471,imdbfan-3746100495,-1.0,-1.0,,,,-2
rw10408837,imdbfan-5856152629,-2.0,1.0,,-1.0,,-1
rw10408397,llllnoonllll,-2.0,-2.0,1.0,1.0,,-1
rw10396000,horsebarn-11618,2.0,2.0,2.0,,2.0,2
rw10415009,alaskanhero08,-1.0,1.0,-1.0,,,-1
rw10408355,jdelarosa992,-2.0,,-2.0,-1.0,,-2
rw10408707,sime-arsov,-2.0,-2.0,-2.0,,,-2
rw10426435,imdbfan-6440723746,-2.0,-2.0,,-2.0,,-2
rw10409165,piolhopulga,-1.0,1.0,1.0,1.0,,-1
rw10408617,imdbfan-6004737470,-2.0,-2.0,-2.0,-2.0,,-2
rw10397598,historyfreak356,-1.0,,1.0,-2.0,,-1
rw10430961,brmwilson,-1.0,1.0,-1.0,0.0,,0
rw10403815,imdbfan-3240162241,1.0,,,2.0,,2
rw10432888,imdbfan-466,-1.0,1.0,1.0,1.0,,0
rw10408838,ReelTalkSeb,-2.0,-2.0,,-2.0,-2.0,-2
rw10406137,joselinenunez-70576,-2.0,,,,,-2
rw10419726,imdbfan-2969190473,-2.0,-1.0,,,,-2
rw10420644,imdbfan-2120033116,-2.0,-2.0,-2.0,-2.0,,-2
rw10419638,imdbfan-1157024088,-2.0,-2.0,-2.0,,,-2
rw10406713,imdbfan-7583477490,-2.0,-2.0,,,,-2
rw10420613,angelitosilva,-2.0,-2.0,0.0,,,-2
rw10419467,longtallklee,-2.0,,-2.0,-2.0,,-2
rw10419350,sidneysiobhan,-2.0,-2.0,-2.0,,,-2
rw10406774,imdbfan-4372439381,-2.0,-2.0,,-1.0,,-2
rw10406865,imdbfan-8344556428,-2.0,-2.0,-2.0,,,-2
rw10419266,imdbfan-4736186150,-2.0,,-1.0,-1.0,,-2
rw10406142,imdbfan-9978584819,-2.0,-1.0,,,-2.0,-2
rw10426670,imdbfan-0158499590,-2.0,-2.0,-2.0,,,-2
rw10420631,bolarsen-30227,-2.0,-2.0,-2.0,,-2.0,-2
rw10405167,imdbfan-1862142227,-1.0,0.0,,1.0,,0
rw10395418,clarefairbrother,1.0,2.0,,1.0,,1
rw10426597,imdbfan-7946070933,-1.0,1.0,,,,-1
rw10426523,imdbfan-3208875622,-2.0,-2.0,-2.0,-1.0,,-2
rw10406818,kgvtgcv,-2.0,,-2.0,,-2.0,-2
rw10420801,imdbfan-5680339314,-2.0,,,,,-1
rw10421707,imdbfan-5663802455,-2.0,,-2.0,,,-2
rw10406117,imdbfan-7419287328,-2.0,-1.0,-2.0,-1.0,-2.0,-2
rw10419387,imdbfan-9221378462,-2.0,-1.0,-2.0,,,-2
rw10406714,jaksas,-2.0,-2.0,-2.0,,,-2
rw10426680,imdbfan-1158415306,-1.0,-1.0,,,,-1
rw10406160,ibrahim_mayat,-2.0,-2.0,-2.0,-1.0,,-2
rw10420708,imdbfan-4582712541,-2.0,-2.0,,,,-2
rw10418907,TheRiddlerOhYeah,-2.0,-2.0,-2.0,,,-2
rw10419311,imdbfan-1888708687,-1.0,,,-2.0,,-1
rw10397718,anaisbaheux,1.0,2.0,1.0,,,1
rw10406837,chasevicknair,-2.0,-1.0,,-2.0,,-2
rw10406130,imdbfan-9225844207,-2.0,-1.0,-1.0,,,-2
rw10426631,saulvg99,,,,,-2.0,-2
rw10426894,imdbfan-1677644780,-2.0,-2.0,-2.0,,,-2
rw10405791,RubyKorza,-1.0,-1.0,1.0,1.0,,-1
rw10418936,imdbfan-8874698644,-2.0,,1.0,,,-1
rw10406164,imdbfan-2248190254,-2.0,-2.0,-2.0,,,-2
rw10395324,Dori14G,2.0,2.0,,2.0,,2
rw10406522,iainmccolgan,-2.0,,,,-1.0,-2
rw10420873,imdbfan-7033655854,-2.0,-2.0,,,,-2
rw10406070,imdbfan-6771235172,-1.0,-1.0,,,,-1
rw10406825,omareljishi,-2.0,-2.0,-2.0,,,-2
rw10406926,timandshaynon,-1.0,-2.0,1.0,-1.0,,-2
rw10406595,arieyudha-12078,-2.0,-2.0,,,,-2
rw10406020,elkinalejandro-59976,0.0,1.0,-1.0,1.0,,0
rw10406898,imdbfan-7549052696,-1.0,-2.0,-1.0,,,-1
rw10396155,imdbfan-0344462825,1.0,,0.0,,,1
rw10406680,imdbfan-1211821422,-2.0,-2.0,-2.0,,,-2
rw10406589,imdbfan-4054931146,-1.0,,-1.0,,,-1
rw10430054,danner_devon,-1.0,,,-1.0,,-1
rw10396013,antoniocarlosazevedo,-2.0,-1.0,,,-1.0,-1
rw10401311,sethmknight,2.0,,2.0,2.0,1.0,2
rw10397229,laynerogers,-1.0,,,-1.0,-1.0,0
rw10394762,edgarcruz-75899,1.0,,,,1.0,1
rw10391935,giuseppeianniello,-1.0,-1.0,1.0,1.0,,0
rw10404990,Annie_2025,-1.0,,-1.0,-1.0,,-1
rw10427214,brianjohnson-20043,-1.0,0.0,-1.0,1.0,-1.0,-1
rw10406902,OsmanthusK,,-2.0,,,,-2
rw10406784,nixy-caos,0.0,0.0,,,,0
rw10405537,daisyjones24_24,-1.0,1.0,1.0,1.0,,1
rw10398791,hartmaa,-1.0,,-1.0,,,-1
rw10395749,luciano-mousinho,0.0,-1.0,-2.0,,,0
rw10398546,emmaleahess,1.0,2.0,1.0,1.0,,1
rw10394869,JonCPaul,-1.0,-1.0,1.0,,,-1
rw10393710,apereztenessa-1,0.0,,-1.0,,1.0,0
rw10424933,hichamgouihyi,-1.0,,-2.0,,,-2
rw10397594,guinden,-2.0,-1.0,,0.0,,-1
rw10409836,imdbfan-6336001903,-2.0,2.0,,1.0,,-1
rw10402350,inbalamr,-2.0,1.0,,,,-1
rw10397664,DJ_Shilo,-1.0,0.0,,,,-1
rw10404672,imdbfan-9898356126,1.0,2.0,1.0,1.0,,2
rw10394665,samuelrley,-1.0,-1.0,-1.0,0.0,,1
rw10403125,imdbfan-2178298824,-1.0,,-1.0,1.0,,-1
rw10407995,Tuna_army,0.0,-1.0,,,,0
rw10398919,imdbfan-2340500628,-1.0,,,0.0,,0
rw10395595,repassybalint,-1.0,1.0,-1.0,-1.0,,0
rw10427455,katemorrog,-1.0,0.0,-1.0,0.0,,0
rw10415884,saull28,1.0,,,,2.0,1
rw10413405,kristanbul,1.0,1.0,1.0,1.0,1.0,1
rw10403772,imdbfan-9190292197,0.0,,1.0,-1.0,1.0,1
rw10400391,ydfxwd,-1.0,0.0,,2.0,,-1
rw10411754,fakemikejones,0.0,-1.0,,-2.0,,-1
rw10416080,OTANATO-,-1.0,1.0,-1.0,,,0
rw10406806,sutalosimun,-1.0,1.0,1.0,1.0,,-1
rw10438236,GeorgeT-14,0.0,0.0,-1.0,,,0
rw10393712,imdbfan-4687972144,1.0,1.0,,1.0,,1
rw10407041,imdbfan-5908764548,1.0,1.0,1.0,1.0,1.0,2
rw10394008,imdbfan-9729464661,1.0,1.0,,1.0,,1
rw10395498,awpinkiepie,2.0,1.0,1.0,2.0,,2
rw10401866,gojo-62373,1.0,2.0,1.0,,,2
rw10395212,VitreousOcean,1.0,,1.0,0.0,,1
rw10394377,annabanana15,1.0,0.0,,2.0,,1
rw10407621,gsquipie,1.0,2.0,1.0,,1.0,1
rw10433513,JOE_jy,1.0,2.0,2.0,2.0,,2
rw10431019,LettuceC,-1.0,,,,,-1
rw10407538,fiona_659,1.0,1.0,,1.0,,1
rw10400766,imdbfan-9855729064,1.0,,,,,2
rw10398056,rincemermaid,2.0,2.0,2.0,2.0,,2
rw8650599,Rubyred441,1.0,2.0,,,,2
rw10419417,KatieMang,-1.0,,-1.0,,,-2
rw10424859,imdbfan-7104419573,2.0,2.0,2.0,,,2
rw10402940,imdbfan-5033271887,1.0,1.0,0.0,1.0,,1
rw10398325,wildcherrygum,1.0,-1.0,,2.0,,1
rw10397935,atasahakyan,1.0,,1.0,1.0,,1
rw10405164,caraaygul,1.0,,1.0,1.0,,1
rw10402974,imdbfan-5729301213,1.0,,2.0,1.0,1.0,2
rw10403773,imdbfan-3731364352,1.0,1.0,1.0,1.0,1.0,2
rw10416401,rtihbsqj,2.0,2.0,2.0,,2.0,2
rw10393540,Zeeba617,1.0,2.0,1.0,2.0,,1
rw10393593,cruisergirl-71307,2.0,2.0,2.0,2.0,,2
rw10418695,lcstekkinger-918-325439,1.0,1.0,1.0,1.0,,2
rw10407625,uucwzwkvm,1.0,,,1.0,1.0,1
rw10399926,jsaaymi,1.0,,2.0,2.0,1.0,1
rw10417245,Emfame31,2.0,2.0,2.0,,2.0,2
rw10395925,belleandmike,,1.0,2.0,2.0,,2
rw10428650,imdbfan-2124825968,0.0,,,1.0,,1
rw10405062,Christn0ah,-1.0,1.0,-1.0,,,1
rw10395473,diversecleaning,-1.0,0.0,1.0,,,-1
rw10422482,wemagsino,1.0,1.0,2.0,1.0,,-1
rw10399754,rockystahsoc,2.0,2.0,2.0,2.0,2.0,2
rw10404440,whitneyjm,1.0,,-1.0,2.0,1.0,1
rw10392339,imdbfan-3836916331,1.0,2.0,2.0,1.0,,1
rw10401353,imdbfan-9737501815,1.0,1.0,1.0,1.0,1.0,1
rw10401240,dlambre173,1.0,2.0,,2.0,,1
rw10404332,jdurzo-39092,1.0,1.0,,2.0,,1
rw10397889,SamanthaLynn41,2.0,2.0,2.0,2.0,,2
rw10426899,imdbfan-8656188970,1.0,2.0,1.0,1.0,,1
rw10401281,darryl_barnes,1.0,,,1.0,,2
rw10400900,kiankd,1.0,,,1.0,,1
rw10408270,margaritagumero,1.0,,,,,1
rw10419001,matthew-haupt,1.0,,,,,1
rw10422606,mddcmzkz,1.0,,1.0,-1.0,,1
rw10398317,imdbfan-9122705821,1.0,,,,1.0,1
rw10417086,melypunk-32881,2.0,2.0,,2.0,,2
rw10404029,imdbfan-5522718381,1.0,2.0,,,1.0,2
rw10431842,paul-1636,1.0,2.0,,1.0,,1
rw10405327,MickyMurray17,1.0,,,2.0,1.0,1
rw10401066,ajnuezca-37-456028,2.0,,,2.0,1.0,2
rw10401720,imdbfan-7895708286,,2.0,,-1.0,,1
rw10407257,kayb-46730,1.0,2.0,1.0,2.0,1.0,1
rw10413634,elirya-58109,0.0,1.0,,,,1
rw10423934,imdbfan-7697027978,0.0,1.0,-1.0,-1.0,,-1
rw10434612,steventhorley,0.0,1.0,-1.0,,,1
rw10437178,indiedavid,2.0,2.0,2.0,,,2
rw10408421,imdbfan-6904572274,2.0,2.0,2.0,2.0,,2
rw10412043,imdbfan-0238277621,1.0,2.0,2.0,2.0,,2
rw10414438,imdbfan-8400559927,,,2.0,1.0,,1
rw10416068,imdbfan-4137264882,1.0,1.0,2.0,,,1
rw10436525,AmiratM-7,-1.0,,1.0,,-1.0,1
rw10401756,georgi_t,2.0,,2.0,2.0,2.0,2
rw10396142,imdbfan-4787471258,1.0,2.0,2.0,2.0,1.0,1
rw10402291,imdbfan-6212954399,2.0,2.0,2.0,2.0,1.0,2
rw10436782,mattiewhinery,,,2.0,1.0,,2
rw10437820,AbigailH-46,1.0,2.0,2.0,1.0,1.0,1
rw10433802,AaronBilly123,1.0,2.0,2.0,1.0,,2
rw10400707,paulozavaleta-28773,1.0,2.0,,2.0,1.0,1
rw10408832,imdbfan-9237955737,1.0,,,2.0,2.0,1
rw10414221,cvwkfk,1.0,2.0,2.0,1.0,1.0,2
rw10412520,keness-1,1.0,1.0,2.0,,,1
rw10407374,emmaralls,1.0,1.0,,2.0,,2
rw10428806,bjkbrocker,1.0,,,1.0,,1
rw10415246,rempasha,-1.0,1.0,1.0,1.0,,1
rw10407972,imdbfan-1277592391,0.0,2.0,,1.0,,1
rw10417501,imdbfan-6025165043,1.0,1.0,1.0,,,1
rw10416402,Kristamw,1.0,2.0,,,1.0,1
rw10416917,victoriaclloyd,1.0,,1.0,2.0,1.0,2
rw10415258,imdbfan-8065590092,1.0,,0.0,1.0,1.0,1
rw10422562,klwilson1969,1.0,,,1.0,1.0,1
rw10405361,annabelleevil-33456,2.0,,2.0,,1.0,2
rw10414809,kteaaa,0.0,1.0,,-1.0,,1
rw10415121,eloiseagnn,0.0,,,1.0,,1
rw10416125,imdbfan-2331882389,-2.0,,-1.0,-2.0,,-1
rw10414214,imdbfan-5081691289,2.0,2.0,,2.0,,2
rw10407727,stepea1,1.0,1.0,,,,1
rw10412552,imdbfan-9644328633,1.0,2.0,,1.0,1.0,1
rw10413067,jameseortega,-2.0,-1.0,,,-1.0,-2
rw10421926,nadanicolepatton,1.0,1.0,,0.0,,1
rw10438620,JamesL-786,-2.0,-2.0,-2.0,,-1.0,-2
rw10415473,finutboy,1.0,1.0,1.0,,,1
rw10420510,nyny-13343,-1.0,-1.0,-2.0,-1.0,-1.0,-1
rw10406406,imdbfan-2246987546,-1.0,-2.0,,,-1.0,-1
rw10448453,johannultimate,-1.0,,2.0,1.0,-1.0,1
rw10451497,piyushpadwale,2.0,,2.0,2.0,2.0,2
rw10444706,billnich-1970,1.0,,1.0,,1.0,2
rw10392328,Tomaslillebror,-2.0,-1.0,-2.0,,,-2
rw10449902,albshine,1.0,2.0,-1.0,,,1
rw10449870,DanielD-82,1.0,2.0,1.0,1.0,,1
rw10449357,kposte,0.0,0.0,0.0,1.0,,0
rw10447469,VanessaS-941,0.0,-1.0,,1.0,,1
rw10447321,MimiS-6,1.0,,,,1.0,2
rw10447095,seanb-95,-2.0,,,,,-2
rw10446651,mandakhristine-33503,1.0,1.0,-1.0,1.0,1.0,1
rw10446515,Seropdiablo204,-1.0,-1.0,-1.0,,,-1
rw10446368,BordeanD,1.0,,,,,2
rw5860167,SAMTHEBESTEST,-1.0,-1.0,-2.0,-1.0,,-1
rw10390803,anchitbaishya2004,-1.0,-1.0,1.0,0.0,,0
rw10449786,timgqb,-1.0,-1.0,1.0,1.0,,1
rw3248556,lisafordeay,0.0,-1.0,1.0,,,-1
rw10411970,imdbfan-2043711442,-2.0,,-2.0,,,-2
rw10390818,imdbfan-5786024511,-1.0,,-1.0,,-1.0,-1
rw3412347,rannynm,1.0,2.0,1.0,1.0,1.0,1
rw10449048,ArchieMarkNigelMiller,1.0,,,,,1
rw10413022,gabethedinosaur,-1.0,1.0,-1.0,1.0,,0
rw10394010,Boristhemoggy,-1.0,-1.0,-1.0,,-1.0,-1
rw10446098,Violet_Ashes,-1.0,-1.0,-1.0,-1.0,,-2
rw10445909,saif_nazam,-2.0,-1.0,-2.0,,,-2
rw10445891,Lorenej,2.0,,2.0,2.0,2.0,2
rw10445575,eng-93,-1.0,1.0,-2.0,1.0,,-1
rw10445420,yoshigoku,1.0,1.0,0.0,1.0,,1
rw10443156,AndreaC-77,-1.0,1.0,0.0,1.0,,-1
rw10444965,RomeoQQ,-2.0,-2.0,-1.0,,,-2
rw10444603,cierramaemoore,1.0,-1.0,,1.0,,1
rw10444530,AsmaI-7,-1.0,-1.0,0.0,-1.0,-1.0,-1
rw10443922,alex-maaz00,-2.0,-2.0,-2.0,,,-2
rw10443921,imdbfan-3461406653,-2.0,,-2.0,-2.0,-2.0,-2
rw10443920,imdbfan-4874808585,-1.0,-1.0,-1.0,,-1.0,-1
rw10443437,LYAMROBINSON2011,,2.0,2.0,2.0,,2
rw10443232,larsfaller,0.0,,0.0,,0.0,0
rw10442856,pdg-55625,-2.0,1.0,-2.0,,,-2
rw10442854,jshaataja,,1.0,,1.0,,1
rw10442808,Hockey_Puck5,0.0,-2.0,-2.0,-2.0,,-1
rw10442749,ameliapond333,1.0,1.0,1.0,,1.0,1
rw10442236,Jackobee27,1.0,1.0,1.0,1.0,1.0,2
rw10442119,StephanieW-7,1.0,1.0,,1.0,1.0,1
rw10435090,thefilmkritic,-2.0,,-1.0,-1.0,,-2
rw10431822,imdbfan-1668165790,-2.0,,-2.0,,,-2
rw10405160,breadandhammers,0.0,2.0,,,,1
rw10424087,daisukereds,-1.0,-1.0,1.0,,,-1
rw10395859,masonsaul,-1.0,2.0,1.0,,1.0,1
rw10451894,kleenerts,0.0,1.0,1.0,,1.0,1
rw10451681,GabrielleH-9,-1.0,,,2.0,,0
rw10451418,WassimE-2,-2.0,,,,-1.0,-2
rw10451410,Mystery69,1.0,1.0,2.0,,,1
rw10451137,wolfmanjaq-2,-1.0,,,,-1.0,-1
rw10450839,dcphjrkpks,-2.0,,,,,-2
rw10450327,LauraP-43,1.0,1.0,1.0,1.0,1.0,2
rw10450233,ClassicS-77,-1.0,,,,2.0,1
rw10450100,mybunnyjewel,2.0,2.0,,,1.0,2
rw10453877,gabriel_sanchez,-1.0,,-1.0,,,0
rw10453853,imdbfan-7783326520,-1.0,,,,,-2
rw10453821,djtroycook,0.0,1.0,1.0,1.0,1.0,1
rw10453575,k-verbonac,-2.0,,,,,-2
rw10453453,NY_Georgie,1.0,1.0,,-1.0,,1
rw10452610,AkinG8,-2.0,-2.0,-2.0,,,-2
rw10452380,lucyjackson-13403,,1.0,-1.0,1.0,,1
rw10452311,AndyDanielAcosta,-1.0,2.0,1.0,-1.0,,1
rw10456578,houghy-24875,-2.0,-2.0,,,,-2
rw10455562,LeonardoOliva69,-1.0,,,,,-1
rw10455444,sarahjdeacs,1.0,1.0,,1.0,,1
rw10455283,ahilsb,-2.0,-1.0,-2.0,,,-2
rw10454980,imdbfan-99252,1.0,,1.0,,,1
rw10454848,maherw-7,0.0,,,,,0
rw10454736,faye-marshall,2.0,2.0,2.0,2.0,,2
rw10454729,jessicamacarthur-56756,1.0,1.0,1.0,1.0,1.0,2
rw10454727,ericahogan-36723,1.0,,,1.0,1.0,1
rw10454181,PierreMarieB-6,,2.0,1.0,,,2
rw10454163,needhamdave,-1.0,1.0,,-1.0,-1.0,-1
rw7306594,brooke-98054,-2.0,-1.0,-1.0,0.0,,-1
rw10428436,jonathonleopold,-1.0,0.0,-2.0,,,-1
rw10414657,imdbfan-3340369405,0.0,,-1.0,2.0,,1
rw10399010,Elvis-Del-Valle,1.0,1.0,-1.0,,1.0,1
rw10455836,magicwinx-07951,1.0,,,2.0,,1
rw8391896,Sleepin_Dragon,-2.0,-2.0,-2.0,,,-2
rw10447767,Soda182,1.0,,,,,2
rw10447680,gijoe-48397,-2.0,-1.0,-2.0,-1.0,-1.0,-2
rw10447679,scryptkeeper-09126,-2.0,-2.0,-1.0,,,-2
rw10444162,crzbyrw,1.0,,,,,2
rw10463492,jeroen-106,-2.0,-1.0,-1.0,,-1.0,-2
rw10390874,SpicyBlank,-2.0,,,,-1.0,-2
rw10463523,alunmcarthur,0.0,2.0,,,,1
rw10463324,mjsharples,-2.0,-1.0,-2.0,,,-2
rw10463289,Sebastian2004,-1.0,1.0,,,,0
rw10463264,patrikmiranda,1.0,1.0,,1.0,1.0,1
rw10462248,vengeance20,0.0,1.0,1.0,,,1
rw10462108,danielgroza,0.0,1.0,0.0,1.0,1.0,1
rw10462022,Liquoman,1.0,,,,1.0,1
rw10461705,marcustitus-38018,1.0,,,,,1
rw10461625,linadro,1.0,1.0,,,1.0,1
rw10461462,Retro_Knight,0.0,1.0,,,,0
rw10461298,vanstylerzero,-1.0,-1.0,,,,0
rw10461079,lauratabuna,,1.0,,,,1
rw10460941,opticuscro,-1.0,-1.0,-1.0,,,0
rw10460915,ziggyhatestaxes,0.0,,,,,0
rw10459289,hamptonaaryan,-2.0,-1.0,-2.0,,,-2
rw10459101,MrPaull0324,-1.0,,1.0,,,1
rw10458939,watboy-36959,1.0,1.0,1.0,,,1
rw10458329,Jade_Walker7,-1.0,1.0,-1.0,,,1
rw10458255,vanyawarren,1.0,2.0,,,,1
rw10457857,goransondevin,-2.0,-1.0,-2.0,-1.0,,-2
rw10457856,tommyjonescastro,-1.0,1.0,1.0,,,0
rw10457828,kgynkxzvz,-1.0,-1.0,1.0,,,-1
rw10457712,algore4prez_2000,0.0,1.0,,,,1
rw10457462,seanstidmon,1.0,1.0,1.0,,,1
rw10457422,jmack4455,-1.0,1.0,,,,0
rw10457203,JordanW-6,1.0,2.0,,2.0,1.0,1
rw10457141,NoMoviesAreBad,1.0,1.0,2.0,,1.0,1
rw10457103,Kinggrov-3,1.0,1.0,,,2.0,1
rw10457037,JuhanK-9,2.0,,,2.0,,2
rw10433648,fahimsikder-23441,-2.0,-2.0,,,,-2
rw10411800,HardLight,,-1.0,-2.0,-1.0,,-1
rw9766042,Croc320475,1.0,1.0,,,,1
rw10407540,ian-47918,0.0,-1.0,1.0,-1.0,,0
rw10405033,EntertainmentTales,-1.0,1.0,,,-1.0,-1
rw7161130,HabibieHakim123,1.0,1.0,,-1.0,,1
rw8544216,moviesfilmsreviewsinc,-1.0,1.0,-1.0,,1.0,0
rw10456951,VetaP-5,2.0,1.0,,,2.0,1
rw10456791,whitethornedcat,-1.0,,,,1.0,0
rw10456706,LANDOG-Studios,1.0,2.0,,,,1
rw10456644,XavierH-4,1.0,,,1.0,,1
rw10456613,Bert1l_G1slao,-1.0,1.0,,,,1
rw10456433,ultramix,-1.0,,,,,-1
rw10456389,walterltjahnke,1.0,2.0,,1.0,,2
rw10456373,gmgilkison,0.0,,,,,1
rw10456116,dtnelsonhuynh,-1.0,-1.0,1.0,,,-1
rw10456114,ChadM-6,2.0,,,2.0,2.0,2
rw10453990,Ferchi_Merchi,0.0,,,,,1
rw10456112,elijahcrawford-88081,-2.0,-1.0,-1.0,,-1.0,-2
rw10456007,frostymint,-1.0,,,,,0
rw10455860,VOIIXIIMOVIIIIIES,-2.0,,-2.0,,-1.0,-2
rw10455816,qxtbwnjxgm,-1.0,1.0,,,,1
rw10455766,imdbfan-3903064714,-1.0,,,-1.0,,-2
rw10455752,JackW-29,1.0,1.0,0.0,,,1
rw10455601,ErinW-9,2.0,,,,2.0,2
rw10455520,jas-cenn-chargers,1.0,1.0,2.0,,,1
rw10455370,kailomonkey,-1.0,1.0,,,,1
rw10455231,bwardell-222-530589,0.0,-1.0,1.0,,1.0,1
rw10455203,Eli-963,1.0,,1.0,1.0,,2
rw10454982,Jade-506,-1.0,0.0,1.0,,,0
rw10454950,loressaclisby,-1.0,1.0,,,,-1
rw10454905,CompleteNonsense,-1.0,,1.0,,,0
rw10454866,L1AM,2.0,,,1.0,,2
rw10454856,BenjuA-7,0.0,,,,,2
rw10454552,nizaralkean,-2.0,,0.0,,-1.0,-1
rw10454549,gamingrampage,-2.0,,-2.0,,,-2
rw10454437,Varonis09,2.0,,,,,2
rw10454204,whoslove,-2.0,-1.0,-1.0,,,-2
rw10455214,OniFR,0.0,2.0,2.0,,1.0,1
rw10459989,cgearheart,2.0,2.0,,,1.0,2
rw10399886,The_Rider2004,1.0,2.0,1.0,,,1
rw7273223,jack_o_hasanov_imdb,0.0,1.0,0.0,,,1
rw10454479,fh147,,1.0,,,1.0,1
rw10444454,southdavid,-1.0,1.0,1.0,,,-1
rw10461722,stevencsmovies,1.0,2.0,,,0.0,1
rw10409637,r-75217,1.0,1.0,,,2.0,1
rw10454171,sharonacles-931-977847,1.0,1.0,1.0,,,1
rw10454133,MatthewRGonzales,1.0,2.0,,,1.0,1
rw10452571,benlevy-32222,2.0,,,2.0,,2
rw10453979,mitchellrath,0.0,1.0,1.0,,1.0,1
rw10453893,dragonhrt-6,1.0,1.0,1.0,,,2
rw10453583,nikolasrust,0.0,1.0,,,,1
rw10453445,coolmar-38476,2.0,,,,,2
rw10453200,imdbfan-1298261449,0.0,1.0,,,,1
rw10453172,qxzppsms,-1.0,1.0,-2.0,,,-1
rw10453080,Kale-61,,0.0,,,,-1
rw10452628,KillBill5669,1.0,,,,1.0,1
rw10452963,flexarts,-1.0,1.0,,2.0,,1
rw10452831,esadf,0.0,,,,,1
rw10452826,Imarak2,,,1.0,,,1
rw10452680,cbabcock-56820,-1.0,1.0,,,,-1
rw10452648,stephen-cave,1.0,,,,,1
rw10452295,prozach-74665,-1.0,0.0,,,,0
rw10452270,kandimallaanirudh,,,,,,1
rw10452258,ErikM-59,0.0,2.0,,,,1
rw10452106,meow-57889,1.0,1.0,,,1.0,1
rw10452089,imdbfan-3488759827,1.0,,-1.0,,,1
rw10451995,theprodigynerd,-1.0,,,,,-1
rw10451080,papitakrish,1.0,,1.0,,,1
rw10451935,jordanbrownpro,-1.0,,,,1.0,0
rw10451662,calebjthompson-82724,1.0,1.0,1.0,1.0,,1
rw10451633,mam-07753,-1.0,-1.0,,,,-1
rw10451457,isolatefire-92025,1.0,1.0,,,,1
rw10451301,imdbfan-7365192827,1.0,2.0,,,,2
rw10451216,YoRocky89,0.0,1.0,1.0,,,1
rw10451185,NathanW-52,0.0,,,,,1
rw10451181,NeoniK-0,1.0,2.0,,,1.0,1
rw10451083,AnthonyO-6,1.0,,,,,1
rw10451051,lennonwalling,0.0,0.0,,,,0
rw10450987,westonmartin-06676,-1.0,,,1.0,0.0,0
rw10450812,Damian_kk_,0.0,,-2.0,,,0
rw10450796,YouJ-0,1.0,1.0,1.0,,1.0,2
rw10450771,abacaba,-2.0,-1.0,,,,-2
rw10450696,cyclo-16780,-1.0,,,,,1
rw10450685,StephW-0,1.0,,1.0,,1.0,1
rw10450546,NotBr4wler,-1.0,,,,0.0,0
rw10450508,ArpanS-8,0.0,1.0,,,,1
rw10450468,Masami-J,-1.0,,0.0,,,-1
rw10450417,AnilaT-8,-1.0,,0.0,-2.0,,0
rw10450371,tommyh-94077,0.0,2.0,,,,1
rw10450312,Parzival1551,1.0,1.0,1.0,1.0,0.0,1
rw10450252,jaxsonprice-51032,-1.0,2.0,2.0,,1.0,1
rw10450240,sedenhansen-61849,1.0,1.0,1.0,,,1
rw10450200,ctny-17898,-1.0,,,,,1
rw10450080,james_scott_mcs,-1.0,-2.0,2.0,,,0
rw10449985,emason27,2.0,2.0,1.0,,1.0,1
rw10449838,imdbfan-5017486594,-1.0,,1.0,,,1
rw10449828,imdbfan-58169,-1.0,0.0,,,,0
rw10449822,JackRJosie,-1.0,1.0,,,,-1
rw10449816,shanklandjack,-1.0,2.0,,,,0
rw10449792,motiontwinn,-1.0,1.0,1.0,,,1
rw10449744,Beau-04,1.0,1.0,,,,2
rw10449721,mrfindrik,0.0,1.0,,-1.0,1.0,1
rw10449645,NathanL-79,1.0,2.0,2.0,,,1
rw10449557,emagolubicc,-1.0,,1.0,,,1
rw10449556,bawoods,1.0,1.0,,1.0,,1
rw10449439,SantaMira,1.0,1.0,1.0,,,1
rw10449406,JoshuaM-71,1.0,,,,1.0,1
rw10449367,mkayseryan,1.0,1.0,1.0,,,1
rw10448564,imdbfan-2536904958,-1.0,,-1.0,,,-1
rw10449350,RussHog,1.0,1.0,1.0,1.0,1.0,1
rw10449344,ourbarry,2.0,,,,,2
rw10449339,1Luke1,-2.0,,-1.0,,,-2
rw10449297,RykerK-2,0.0,,,,,1
rw10449281,thandi-lamprecht,,,,,1.0,1
rw10449236,sauravs-2,0.0,,,,1.0,1
rw10449147,imdbfan-3911000450,1.0,1.0,,,,1
rw10449020,Cine-Fanatic,0.0,,1.0,,1.0,1
rw10449015,KaydiV,2.0,2.0,,,,2
rw10449001,Victoria-9463,-1.0,-1.0,,,,1
rw10448958,poppa_pump,1.0,1.0,1.0,,,2
rw10448877,sarahmccaughey-08154,1.0,2.0,,1.0,,2
rw10448636,brysongjohnson,1.0,,,,,1
rw10454283,DerinC-9,-2.0,-2.0,-2.0,-2.0,,-2
rw10389204,Alexdisney23,-2.0,-1.0,-2.0,-1.0,,-2
rw10449208,TharsheyN,-2.0,-1.0,1.0,,,-2
rw10448634,mariabyrrr,-2.0,,,,,-2
rw10448602,gaetcazz,-2.0,,,,,-2
rw10448546,sweetkaz,-1.0,-1.0,-2.0,,,-1
rw10448528,hafiznumair,-1.0,1.0,2.0,,,0
rw10448526,Tobias12,-1.0,1.0,0.0,,1.0,1
rw10448499,Maxyger756,-1.0,1.0,0.0,,-1.0,1
rw10448474,alexandravelali,-2.0,,0.0,,,-2
rw10448431,MalaikaS-8,-2.0,-1.0,,,,-2
rw10448402,imdbfan-2938639756,0.0,,-2.0,,,1
rw10448357,Azzya,1.0,1.0,,2.0,1.0,1
rw10448269,imdbfan-3270892202,-1.0,,1.0,,,1
rw10448228,pfdnd,2.0,,2.0,,,2
rw10448219,pnino26,-2.0,,,,,-2
rw10448020,Joshoombah,0.0,,1.0,,0.0,1
rw10447911,timeblank,0.0,2.0,-1.0,-1.0,,1
rw10447872,Jdgarnett,1.0,2.0,,,,1
rw10447851,ChristianS-13,,,2.0,,,2
rw10447783,UltraNeptuneCat,1.0,,1.0,,1.0,1
rw10447612,hanhaosen,-2.0,-1.0,1.0,,,-1
rw10447580,AydenS-0,-1.0,-1.0,1.0,,,0
rw10447478,YuYo_,-1.0,,,,0.0,0
rw10447394,SamCine,-1.0,1.0,1.0,,,1
rw10447372,frankie-smales,1.0,2.0,,,,2
rw10447102,sparkboy17,1.0,,,,,1
rw10446914,ReviewWithIntellectualHonesty,-1.0,1.0,,,0.0,1
rw10446903,Rockstargames-4,,1.0,,,,1
rw10446837,CollinC-7,-2.0,-2.0,-2.0,,,-2
rw10446720,KateE-68,1.0,1.0,-1.0,,,1
rw10446698,josiahnobles,1.0,1.0,0.0,,,1
rw10446682,landenf-5,2.0,,,,,2
rw10446406,ksgillihan,-1.0,0.0,1.0,,,0
rw10446296,chambersben-29454,1.0,,1.0,1.0,,1
rw10446275,Gr13vZ3l,1.0,,,1.0,,2
rw10446265,varbadbrih,2.0,2.0,2.0,,,2
rw10446197,Marwan-70,1.0,1.0,,,,1
rw10450018,NickGurr420,,-2.0,,,,-2
rw10405814,CinemaSerf,-1.0,-1.0,1.0,,0.0,-1
rw10446186,ZombieGirlORV,,1.0,1.0,,,2
rw10446018,campbellclack,0.0,,-1.0,,,-1
rw10445901,jcbeckett,-1.0,1.0,,,,1
rw10445877,RachaelB-9,2.0,2.0,1.0,,,2
rw10445874,krsticdusan-53969,1.0,,,,,1
rw10445861,nyarnebbanot,1.0,,1.0,,,1
rw10445796,XxTechyTheGamerxX,1.0,,,,,1
rw10445776,DSV1,1.0,2.0,1.0,1.0,,1
rw10445745,castrojechelle,-2.0,,-2.0,,,-2
rw10445713,imdbfan-9959272986,0.0,1.0,,,1.0,1
rw10445681,mattatthemovies,-1.0,1.0,,,,1
rw10445655,JakobS-70,1.0,,,,,1
rw10445475,Andriu-74,,,1.0,,1.0,1
rw10445457,andrewbongiorni,-1.0,,,,,1
rw10445397,cachekline,-1.0,,1.0,,1.0,1
rw10445385,CoryCrow,1.0,,,,,1
rw10445366,joodtaba,-2.0,-2.0,-2.0,,,-2
rw10445356,kylewoschenko,0.0,1.0,1.0,1.0,,1
rw10445268,jaredangeles-40231,1.0,1.0,,,,1
rw10445184,LazarR-1,0.0,1.0,,,,1
rw10445152,destructor-61011,-2.0,1.0,,,,1
rw10445118,Bandit100000000000000,2.0,,,,,2
rw10445043,ozusman,1.0,2.0,1.0,,,1
rw10444897,dicki76,-1.0,1.0,,,,1
rw10443758,jimwaldothefirst,-1.0,,,,0.0,-1
rw10444875,Washikami,1.0,,,,1.0,1
rw10444856,fat_sonic,1.0,2.0,1.0,,1.0,1
rw10444741,BurntN,1.0,1.0,1.0,,,2
rw10444719,arashf-2,,,-2.0,,,-2
rw10444710,AshleyD-13,1.0,1.0,1.0,,,1
rw10444690,petrxpp,1.0,2.0,,1.0,,1
rw10444655,pokemonfan-81415,0.0,1.0,1.0,,,1
rw10444596,FlashCallahan,1.0,1.0,0.0,,,1
rw10444315,JackT-436,2.0,,2.0,2.0,,2
rw10444296,ColeR-86,2.0,2.0,,,2.0,2
rw10444279,dvdbnt,2.0,2.0,1.0,1.0,1.0,1
rw10444275,Aviv-22,1.0,,,,,1
rw10444274,czwwggqm,-2.0,-1.0,-2.0,,,-2
rw10444205,jeffhits,2.0,,2.0,,2.0,2
rw10443948,usmantanvirbutt,1.0,,1.0,,1.0,1
rw10443937,rohitmar-06335,-1.0,,1.0,,,0
rw10443925,imdbfan-09351,0.0,,,1.0,1.0,1
rw10443785,chriszicochain,-1.0,0.0,,,,1
rw10443763,bizzyziggy,-2.0,-2.0,-2.0,,,-2
rw10443650,Ia-83,,2.0,,,,2
rw10443541,shelbythuylinh,1.0,1.0,,,1.0,1
rw10443515,ChrisB-120,0.0,-1.0,0.0,1.0,,0
rw10443498,sethl-5,2.0,,2.0,,2.0,2
rw10443476,Jacob_A_L,2.0,,1.0,,,2
rw10443457,rvngrffn,-1.0,-1.0,1.0,,,-1
rw10443410,RaleighF,1.0,2.0,,2.0,,2
rw10443311,imdbfan-3528323029,2.0,2.0,,2.0,2.0,2
rw10443225,imdbfan-70645,,,-1.0,,,-2
rw10443169,goochbollard,,,,,,2
rw10443042,abigailbanda,-1.0,-2.0,,-2.0,,-1
rw10442931,kjproulx,-1.0,1.0,,,,0
rw10442305,olulalodudade,-2.0,-2.0,,,,-2
rw10442919,imdbfan-6076622549,1.0,,,,1.0,1
rw10442908,kapelli-9,1.0,,,,2.0,2
rw10442806,JustinW-63,-1.0,,,,,-1
rw10442803,00-Watcher,2.0,,,,2.0,2
rw10442718,ArianaP-2,-2.0,-1.0,,-2.0,,-2
rw10442711,FanOfSuperHeroes,,,-2.0,,,-2
rw10442674,JenS-08,-1.0,1.0,1.0,,1.0,1
rw10441868,fortnitegamer328,2.0,2.0,,,,2
rw10442606,cruelworldfilms,1.0,1.0,,,1.0,1
rw10442587,batmankearney,2.0,,1.0,,,2
rw10442480,ricardojvm,0.0,,1.0,,,1
rw10442450,Burgersandburgers,1.0,1.0,1.0,,,1
rw10442737,murtonminer,-2.0,1.0,,,,-1
rw10442434,PrathameshV-0,-2.0,1.0,-2.0,-1.0,,-2
rw10442422,elmantec,-2.0,,,,,-2
rw10442384,Kristin_K_88jr,1.0,2.0,1.0,,,1
rw10442381,imdbfan-5092176478,-1.0,,,,,-1
rw10442373,LaurenC-42,-2.0,-1.0,1.0,-1.0,-2.0,-2
rw10442345,UrosM-9,0.0,,1.0,,,0
rw10442215,kimonmeier,-2.0,1.0,,,,-1
rw10442203,brooksbulldog,-1.0,2.0,,,,1
rw10442165,jager-43291,-1.0,-1.0,1.0,,,1
rw10442153,luningyuan-23687,-2.0,,,-1.0,,-2
rw10442065,JamesS-00,-1.0,-2.0,,-1.0,1.0,0
rw10442059,josephlbrewster,-2.0,0.0,,0.0,,-1
rw10442048,MikelGlez,-1.0,-1.0,,,1.0,1
rw10442031,nightslayer-61064,-1.0,1.0,,1.0,,1
rw10442002,profp-4,0.0,,,,1.0,1
rw10441845,jaxhoromata,,1.0,-2.0,,,-1
rw10441809,DUDE-I-DO-REVIEWS,0.0,2.0,1.0,,,1
rw10441763,buttertv,0.0,1.0,,1.0,1.0,1
rw10441753,imdbfan-7661,0.0,,,,,0
rw10441633,zerradstudies,-1.0,,-1.0,,2.0,1
rw10441537,Ericb-00,1.0,1.0,2.0,,,1
rw10441534,casperdelamain,1.0,,1.0,,,1
rw10441529,giovannidefelice-99669,2.0,2.0,,,1.0,2
rw10441423,codf-08314,1.0,2.0,2.0,,,2
rw10441511,hoosiersmitty,1.0,1.0,,,1.0,1
rw10441501,littlecrazydinosaurandy34,1.0,2.0,1.0,,1.0,2
rw10441479,lamthaianh,1.0,1.0,,,1.0,1
rw10441476,Aarondolo_502,0.0,,,,,1
rw10441443,ConorD-7,-1.0,,,,,1
rw10441438,battlecrusadersgames,-1.0,-1.0,,,,-1
rw10441424,sarat-73,-2.0,1.0,-2.0,,,-2
rw10441400,ibbyrahimk,-1.0,-2.0,-1.0,,,-1
rw10441383,bobs-99,-2.0,1.0,,,,-2
rw10441364,evanhinton,-1.0,-1.0,1.0,1.0,,0
rw10441357,smanderson-74605,2.0,2.0,,2.0,,2
rw10441327,playconcrete,1.0,,2.0,,,1
rw10441318,yatodesings,,2.0,2.0,2.0,,2
rw10441248,arvinjnk05,-2.0,,,,,-1
rw10441174,hamsterination,0.0,,,,1.0,1
rw10441040,evanz-52430,2.0,2.0,,,,2
rw10441013,Furdiburd,-1.0,,,,-1.0,-1
rw10440988,imdbfan-0822681471,2.0,,,,,2
rw10438011,Wililjam,-2.0,-1.0,,,-2.0,-2
rw10443941,sjo-15,1.0,2.0,,,1.0,1
rw10444632,skylerkennethkidd,0.0,1.0,,,,1
rw10443677,petraktheman,1.0,2.0,,,1.0,1
rw10440880,adensyme,1.0,2.0,,,,1
rw10440792,dilemxo,2.0,,2.0,2.0,,2
rw10440777,Uzair-4,-1.0,2.0,,,2.0,2
rw10440754,pappywatts,0.0,0.0,,,,0
rw10439980,melaniejthakkar,1.0,2.0,1.0,,,1
rw10440744,Light255,1.0,2.0,,1.0,,1
rw10440727,imdbfan-0657245761,0.0,2.0,,,,2
rw10440638,Jubby6,-2.0,1.0,,,,-1
rw10440601,keenansdstone,1.0,,1.0,,,1
rw10440582,shashanksingh-57363,-1.0,1.0,2.0,,,1
rw10440486,kai-93509,-2.0,1.0,-2.0,1.0,,-2
rw10440413,vikrantp-60641,-2.0,-2.0,-2.0,,,-2
rw10440396,imtiaziqbal-75662,1.0,1.0,1.0,,1.0,1
rw10439927,imdbfan-4161893074,-1.0,,,,0.0,1
rw10439897,RayRay725,1.0,1.0,,,,1
rw10440333,Gladior,-1.0,,1.0,,,-1
rw10440256,NR-92,1.0,2.0,,,,2
rw10440232,oiiTzKarma,2.0,2.0,,,1.0,2
rw10440172,scaramouche-69575,0.0,2.0,,0.0,,1
rw10440171,imdbfan-96557,0.0,1.0,-1.0,,,0
rw10440124,dokian,-2.0,,,,,-2
rw10440071,rikerpatterson,1.0,,,,1.0,1
rw10440069,rilobrick,2.0,,,,,2
rw10439890,arqui-69916,1.0,,,,1.0,1
rw10439875,ajonespenguin,0.0,,,,,1
rw10439841,Plut-5,1.0,2.0,1.0,,,1
rw10439773,kjartannoi,-1.0,1.0,1.0,,,0
rw10439758,zainabmattar,-2.0,,1.0,,,-1
rw10439742,imdbfan-2645327785,0.0,1.0,1.0,,,1
rw10439685,MichaelJordan7,1.0,,,,,2
rw10439668,gooningtomygf,0.0,,,,1.0,1
rw10439650,imdbfan-5807614199,0.0,1.0,,0.0,,1
rw10439644,lindovanast,1.0,,0.0,,,1
rw10439586,TheNobleMan-60,0.0,,,,0.0,1
rw10439584,dalejrbud,2.0,2.0,,,,2
rw10439568,imdbfan-6261,-1.0,1.0,1.0,,,0
rw10439558,hugob-4,2.0,2.0,,,,2
rw10439556,imdbfan-90468,-1.0,,-1.0,,,0
rw10439552,tsmorris-60797,2.0,,,,,2
rw10439548,dreamerandflicka,0.0,-1.0,,-1.0,,1
rw10439538,superreme,-2.0,,,,0.0,0
rw10439474,Selyph,-2.0,,-2.0,1.0,,-2
rw10439431,awtrimmer,2.0,2.0,,,,2
rw10439424,CarsonC-5,2.0,2.0,,,,2
rw10439384,ruralMCgaming129,1.0,,,,,1
rw10439372,megsissel,2.0,2.0,,2.0,2.0,2
rw10439359,EverettM-4,1.0,1.0,1.0,,,1
rw10439340,loganhardy-01823,,1.0,,,0.0,0
rw10439300,Abbora-6,-2.0,,1.0,-1.0,,1
rw10439288,BrendanG-9,2.0,,,,,2
rw10439281,IA-04,2.0,1.0,,,2.0,2
rw10439278,AlexF-41,2.0,,,,,2
rw10439242,TannerL-6,2.0,2.0,,2.0,,2
rw10439216,OrangePlayer156,-2.0,,,,,-1
rw10439215,NettyY,0.0,,,,,0
rw10439207,lijahhendrickson,-2.0,,,,,-2
rw10439187,imdbfan-2210435444,2.0,2.0,,,,2
rw10439169,JohannM-0,2.0,,2.0,,,2
rw10439129,mannw-20694,2.0,2.0,,,,2
rw10439097,DominicJ-2,2.0,2.0,,,,2
rw10439084,OrrM-70,2.0,2.0,2.0,,,2
rw10439074,razvanionut-56499,2.0,2.0,2.0,2.0,,2
rw10439036,imdbfan-62071,1.0,2.0,,,,2
rw10439029,perky_,-1.0,,,,0.0,1
rw10392716,A_Boydude_Reviews,1.0,1.0,2.0,1.0,,1
rw10439248,TwoForOne-9,2.0,,2.0,2.0,2.0,2
rw10438990,cpqcjwrd,-2.0,,-2.0,,,-2
rw10438960,abcdefgmusicnotes,0.0,,,,,1
rw10438951,jamalnujeidat,,1.0,,,,1
rw10438917,AbedB-5,2.0,2.0,2.0,,2.0,2
rw10438901,Gant-94,1.0,,2.0,,,2
rw10438876,phrogal,-1.0,,,,1.0,-1
rw10438868,eddesignstudio,-2.0,,,,-1.0,-2
rw10438862,Ipcress_23,1.0,1.0,1.0,,,1
rw10438834,LeandroB-5,1.0,1.0,,,1.0,2
rw10438806,tinabeverlys,1.0,2.0,-1.0,,,1
rw10438782,avanbeuningen,0.0,,1.0,,,1
rw10438774,sloanander,2.0,2.0,,,,2
rw10438703,deermacaw,-2.0,-1.0,-2.0,,,-2
rw10438699,CHUBBSSKUIK,1.0,2.0,1.0,,1.0,1
rw10438678,LukasQ-0,2.0,,,,,2
rw10438658,cfranklin-97738,-1.0,,,,,-1
rw10438596,imdbfan-4861441941,,2.0,2.0,,2.0,2
rw10438595,imdbfan-4650,1.0,,,,1.0,1
rw10438546,KyleBrofloski00,2.0,,,,,2
rw10438388,Nexelium,-1.0,,1.0,,0.0,0
rw10438545,CrookedNose94,1.0,,1.0,,,1
rw10438526,ramonuvmobil,1.0,1.0,1.0,1.0,,2
rw10438476,pavlokasian,0.0,,,,,0
rw10438466,energiesconscience,-2.0,-1.0,-2.0,,0.0,-2
rw10438437,greatvovan,-1.0,,1.0,,,1
rw10438432,TheE-07,1.0,2.0,,,,2
rw10438394,zsinka,1.0,1.0,2.0,,-1.0,1
rw10438359,vastarapov,0.0,2.0,,,,1
rw10438305,ThomasH-90,1.0,,,,1.0,2
rw10438291,Ypk-4,-1.0,,0.0,,,0
rw10438225,imdbfan-3635801888,1.0,1.0,1.0,1.0,,1
rw10438223,iiiluminada,-2.0,-1.0,-1.0,0.0,-2.0,-2
rw10438213,stevewadsworth-46947,1.0,,,,,2
rw10438205,SiGmABoy_,2.0,,,,,2
rw10438194,JustinS-515,1.0,2.0,,1.0,1.0,1
rw10438191,DarcyH-3,0.0,,,,,1
rw10438174,calebcollier-63164,1.0,1.0,2.0,,1.0,2
rw10438166,pogijim,2.0,2.0,,,2.0,2
rw10438142,imdbfan-6916713775,1.0,2.0,1.0,,,1
rw10438139,ishbeah,1.0,1.0,,,,1
rw10438069,jmbush22,-1.0,-1.0,1.0,,,1
rw10438026,FamL-5,1.0,,,,,1
rw10438017,astrocopjr,-1.0,-1.0,,,,1
rw10438013,ChaseG-6,,,,2.0,,2
rw10438846,martinshh,-1.0,,,,,0
rw10438353,BarnsleyMick,,-2.0,1.0,,,-1
rw10440939,Katy_Griffin-Saye,1.0,2.0,,,,1
rw10438499,byruineves,-1.0,1.0,1.0,,-1.0,0
rw10438296,berestov,-1.0,0.0,1.0,,-1.0,0
rw10438126,business-33778,0.0,1.0,,,,1
rw10438122,Ponderosa31,-1.0,,,,,-1
rw10438004,noahd-98130,1.0,1.0,1.0,1.0,,1
rw10437996,rhecto,0.0,1.0,1.0,,,1
rw10437995,CrushinLoaf,1.0,,,,,1
rw10437988,DavidC-155,1.0,2.0,,,,1
rw10437981,ymdnkcmcp,2.0,2.0,,,2.0,2
rw10437980,MrP-99,0.0,,0.0,,,1
rw10437965,dalejones-46856,2.0,,,,1.0,2
rw10437937,imdbfan-3194649735,1.0,2.0,,,,1
rw10437934,gito-91979,-1.0,,0.0,,,0
rw10437916,ottismoore,2.0,2.0,,,,2
rw10437904,vashtsai,1.0,1.0,1.0,,1.0,1
rw10437881,westonobermeyer,1.0,,1.0,,1.0,1
rw10437877,dreamaker-1,1.0,1.0,,,,1
rw10437875,Seankm,1.0,,,,,1
rw10437871,imdbfan-0972756531,2.0,,,,,2
rw10437842,ChngH,2.0,2.0,2.0,2.0,2.0,2
rw10437827,mainehomeagent,1.0,,1.0,,,1
rw10437793,sugarloafersince92,1.0,1.0,2.0,1.0,,2
rw10437774,Stephen-7973,2.0,2.0,2.0,2.0,2.0,2
rw10437756,deaconmitch,2.0,,,2.0,1.0,2
rw10437754,Nikkiangel002,0.0,-1.0,,,1.0,1
rw10437749,Amara556,1.0,1.0,,,1.0,1
rw10437682,JosephJ-8,2.0,,2.0,,,2
rw10437661,dinomae-48949,0.0,,,,,0
rw10437658,MohamadF-5,2.0,2.0,2.0,,,2
rw10437650,CoolD-0,1.0,,,,,1
rw10437643,PeytonLynnC,0.0,1.0,,,1.0,1
rw10437620,greetingskk,1.0,1.0,1.0,,,1
rw10437618,kerimcool-05559,0.0,1.0,,,1.0,1
rw10437606,VivianP-5,1.0,,1.0,1.0,,1
rw10437585,superkodu93,-1.0,1.0,0.0,-1.0,,-1
rw10437572,CJRageS,-1.0,,-2.0,,,-2
rw10437567,justissjohn,1.0,,2.0,,,1
rw10437566,jamesrickaby-50464,0.0,,,,,1
rw10437559,brandon61286,1.0,2.0,,,,1
rw10437540,sarahlighten,1.0,1.0,,,1.0,1
rw10437535,prestom_,2.0,2.0,2.0,,,2
rw10437499,jooshprigg,2.0,2.0,,,,2
rw10437491,DeezA-4,2.0,,2.0,,,2
rw10437489,KairavS,1.0,,,1.0,1.0,1
rw10437473,marczello-00575,-1.0,,1.0,,,1
rw10437422,owenm-12,2.0,,2.0,,,2
rw10437420,kasperkiewiczwiktor,0.0,1.0,1.0,,,1
rw10437403,michaelspeed,0.0,,,,2.0,1
rw10437371,Movie-Dood198027,0.0,2.0,,,,1
rw10437370,Explkei,0.0,1.0,-1.0,1.0,,0
rw10437362,janeqqqqw,1.0,1.0,,,1.0,1
rw10437334,JohnZ-57,-2.0,-1.0,1.0,,,-2
rw10437326,julia-sweden,1.0,2.0,,1.0,,1
rw10437312,darthpax,-1.0,-1.0,,,,-1
rw10437304,JordanM-9,1.0,2.0,,,,2
rw10437303,DryUnderwear,2.0,2.0,,,,2
rw10437275,sethbarrere,2.0,2.0,2.0,2.0,,2
rw10437272,LoganT-2,1.0,2.0,,,,2
rw10437263,colpantoprak,2.0,2.0,2.0,2.0,,2
rw10437240,anda-balan11,1.0,,1.0,,,1
rw10437182,OliverF-0,0.0,1.0,,,,1
rw10437179,imdbfan-9742604924,-2.0,0.0,-1.0,,,0
rw10437171,MaxF-64,2.0,,2.0,,1.0,2
rw10437198,michaehueanton,-2.0,,,-1.0,-1.0,-2
rw10437122,JosephH-0,-1.0,1.0,-2.0,,,0
rw10437120,qgmyrfx,-2.0,-2.0,,,,-2
rw10437075,PakaiL-3,0.0,,,,1.0,1
rw10437063,buckotv,0.0,,1.0,,,0
rw10437060,yio-79495,0.0,,1.0,,,1
rw10437041,imdbfan-1168566268,1.0,-1.0,1.0,,,1
rw10437030,KAB_SanAntonioBay,-2.0,1.0,2.0,,,1
rw10437009,thebestmarioever,1.0,,,1.0,,1
rw10436971,lochinbekov,,,-2.0,,,-2
rw10436953,Bryceh-56,1.0,,,,,2
rw10436947,jessicaharrison-96976,-1.0,,1.0,,,1
rw10436916,sabrinaiscool109,1.0,2.0,2.0,,,1
rw10436884,Damian_Bushnell,2.0,2.0,,,,2
rw10436881,foxjacob-33519,1.0,,,,1.0,1
rw10436866,eveillia_,1.0,,,,,2
rw10436849,EG-88,1.0,,1.0,,,1
rw10436840,TylerM-109,0.0,,,,1.0,1
rw10436835,OculiRates,-1.0,-1.0,1.0,,-1.0,-1
rw10436810,EMANUELA-61,-1.0,0.0,,,,0
rw10436803,ElissaP-8,1.0,2.0,,,,1
rw10436784,jdmdnmssx,0.0,1.0,1.0,,,1
rw10436779,imdbfan-0710198760,-1.0,,1.0,,,0
rw10436766,imdbfan-7607,2.0,2.0,,,,2
rw10436764,Helio-62,-2.0,-2.0,,,,-2
rw10436716,omarfaisalismail,,,2.0,,,2
rw10436694,AdrianK-0,-1.0,,-2.0,,,-2
rw10436678,gyurto,-2.0,,-2.0,,,-2
rw10436638,Mechhy,-1.0,,1.0,,,0
rw10436626,syversmat,2.0,,2.0,,1.0,2
rw10436585,imdbfan-2520,2.0,2.0,2.0,,,2
rw10436550,udellrich,1.0,1.0,1.0,1.0,,1
rw10436539,OwenR-6,2.0,,,,,2
rw10436534,EmilyO-9,0.0,,,,1.0,1
rw10436501,multiplayerxgesource,2.0,2.0,2.0,,,2
rw10436469,DeanL-92,1.0,1.0,2.0,1.0,1.0,2
rw10436465,imdbfan-0902933456,2.0,,,,,2
rw10436424,MaksymilianL-6,2.0,1.0,2.0,,,2
rw10436406,LincolnL-2,0.0,,,,,1
rw10436403,aternias,-1.0,,0.0,,,0
rw10436361,imdbfan-9854178558,1.0,,,,1.0,1
rw10436304,AbrahamR-6,1.0,1.0,,,,1
rw10436301,samanthaschenk,-1.0,1.0,,,-1.0,-1
rw10436285,imdbfan-1895876203,-1.0,-1.0,,,-1.0,0
rw10436258,AR-329,2.0,2.0,,2.0,,2
rw10436247,RbenC-4,1.0,,,,1.0,1
rw10436239,yoyoh-02358,0.0,1.0,2.0,,,1
rw10436208,Nichking04,1.0,,,,0.0,1
rw10436169,prifai-90452,0.0,1.0,,,,1
rw10436164,Dragonballotthon,-1.0,2.0,,,,1
rw10436146,midnitemenmusic,-1.0,1.0,1.0,,,0
rw10436129,seamusjfanning,-2.0,2.0,1.0,,,1
rw10436040,george_fou,1.0,2.0,-1.0,,,1
rw10436036,sahibs-4,0.0,,,-1.0,,1
rw10436030,haskip,0.0,2.0,1.0,1.0,,1
rw10436012,InaS-7,1.0,2.0,,,,1
rw10436007,peterfessier,0.0,1.0,,,,0
rw10435997,imdbfan-2957957530,1.0,1.0,,,,1
rw10435765,AlphaR-2,1.0,1.0,1.0,,,1
rw10435987,Krewk,2.0,2.0,,,,2
rw10435979,Benjaminp-0,1.0,,1.0,2.0,,2
rw10435978,vgfxmmx,1.0,1.0,1.0,,,1
rw10435939,imdbfan-6652,1.0,1.0,,1.0,,1
rw10435934,ChristopherR-5,-2.0,,-2.0,,,-2
rw10435933,Gracie-93,0.0,1.0,,1.0,,1
rw10435917,MarleyF-78,2.0,2.0,,,,2
rw10435757,ErikS-90,2.0,2.0,2.0,,,2
rw10435619,cleejr,1.0,2.0,,,,1
rw10435898,bry-01,2.0,1.0,,,1.0,2
rw10435886,ismaeleudave,-1.0,,,,,1
rw10435868,chickenriot,-1.0,,-2.0,,,1
rw10435861,Mamma-34,2.0,2.0,,2.0,,2
rw10435852,LandonW-71,1.0,2.0,2.0,,,2
rw10435808,Flix_69,0.0,,-1.0,,,1
rw10435805,SkullZ-6,2.0,,1.0,,,2
rw10435783,imdbfan-1364,1.0,,1.0,,,1
rw10435779,jmbruns,0.0,,,,1.0,1
rw10435754,poloskeizsigi,0.0,,,,1.0,1
rw10435718,jcoopx-00331,1.0,,,,,1
rw10435715,Max-1399,-2.0,-1.0,-2.0,,,-2
rw10435702,HajniK,,,,,2.0,2
rw10435672,BIASED4215,-1.0,,,,,0
rw10435661,connerschwartz,2.0,,2.0,,2.0,2
rw10435659,EleanorDigby,0.0,1.0,1.0,0.0,0.0,1
rw10435653,Daniel-0840,1.0,,,,,1
rw10435640,stivensmendoza,0.0,0.0,,,,0
rw10435602,qhtgmrfg,1.0,,,,,2
rw10435588,ugar77-738-389339,1.0,1.0,,,1.0,1
rw10435584,RavenV-3,-1.0,,,,,-1
rw10435570,map-92285,1.0,1.0,,,,1
rw10435546,WilliamL-8,2.0,,,,,2
rw10435522,RitvikS-3,0.0,,2.0,,,1
rw10435514,ConnorS-05,1.0,1.0,1.0,1.0,,2
rw10435494,cxmnkwhzk,2.0,2.0,,,,2
rw10435491,IamMclovin631981,1.0,,,,1.0,1
rw10435477,NateH-7,2.0,2.0,2.0,,,2
rw10435469,benjasperanza,0.0,1.0,2.0,,,1
rw10435459,GhostOfMurderfist,0.0,1.0,,,1.0,1
rw10435454,PavelM-89,2.0,,,,,2
rw10435449,cbockiii,1.0,,,,,1
rw10435444,MayoDoesStuff,-1.0,,,,,0
rw10435442,jjimenez-33665,1.0,,,,1.0,1
rw10435441,SethG-9,-2.0,,-2.0,,,-2
rw10435417,Aiden-0,2.0,2.0,2.0,2.0,2.0,2
rw10435383,JaykoR,0.0,,1.0,,1.0,1
rw10435360,rawmilkk,0.0,1.0,,,,1
rw10435354,jbbabycrafts,0.0,0.0,,0.0,,1
rw10435349,BleachKiller,1.0,1.0,1.0,,,1
rw10435348,SquidS-1,1.0,,1.0,,,1
rw10435332,johnnyyeates,1.0,,,,,1
rw10435330,lavacore-02589,1.0,2.0,,,,1
rw10435323,kenmeckel,2.0,,,,,2
rw10435276,JohnathanW-0,2.0,2.0,,,2.0,2
rw10433878,ishayugamer,2.0,,,,,2
rw10434793,masonfinnpond,1.0,1.0,0.0,,1.0,1
rw10435333,THEcanadianMOVIEkid,0.0,1.0,2.0,-1.0,,0
rw10435273,Crimshaw,1.0,1.0,1.0,,,1
rw10435264,jackgmurphy-03928,2.0,2.0,2.0,,,2
rw10435244,imdbfan-43477,2.0,,2.0,2.0,,2
rw10434790,PG-191,1.0,2.0,,,,2
rw10435230,Them-21,0.0,,,,,1
rw10435202,xhbhvkd,2.0,,,,2.0,2
rw10435193,imdbfan-9912958356,1.0,1.0,1.0,,,1
rw10435188,JustinT-0,1.0,,,,1.0,1
rw10435186,AdahS-9,2.0,,,,,2
rw10435168,rynerbyner,-1.0,0.0,,,,0
rw10435143,c_hoover915,1.0,,,,,2
rw10435122,hmkerr,1.0,1.0,,,1.0,1
rw10435104,Janek_Majeranek,1.0,,,,1.0,1
rw10435072,FranciscoV-74,1.0,,2.0,,,2
rw10435057,EliasH-5,-2.0,-2.0,,,0.0,-2
rw10435030,cooperstout,0.0,1.0,,,,1
rw10435025,imdbfan-7829561029,2.0,2.0,2.0,2.0,,2
rw10435019,ziaherman,2.0,2.0,,,,2
rw10434949,DylanM-9,-1.0,1.0,,,,-1
rw10434789,kaidendyer,1.0,2.0,,,,2
rw10434942,StephenS-901,2.0,2.0,1.0,,,2
rw10434916,imdbfan-9024441712,2.0,2.0,2.0,,,2
rw10434883,CharlieF-88,2.0,2.0,,,2.0,2
rw10434878,delpierreeugenio,1.0,1.0,1.0,,,1
rw10434860,yqwvvwmyp,1.0,,,,1.0,1
rw10434835,CLASSEA-7,-2.0,,-2.0,,,-2
rw10434820,anna-majcher,1.0,1.0,2.0,,,1
rw10434781,Kisschase,0.0,,2.0,,1.0,1
rw10434767,sarahclode,-1.0,-1.0,1.0,,,-1
rw10434762,Bababouille,-2.0,,,,-1.0,-2
rw10434737,chad-brinker,1.0,1.0,,,,1
rw10434725,bdnvctm,,2.0,2.0,,,2
rw10434719,dotfortne,0.0,2.0,,,0.0,1
rw10434708,ajd-31256,-1.0,0.0,-1.0,,,0
rw10434703,bigeddogg47,1.0,1.0,,,1.0,1
rw10434666,imdbfan-4804,1.0,,,,1.0,1
rw10434655,jps-11707,1.0,,,,2.0,1
rw10434637,bfrpcvwkb,1.0,,2.0,,,1
rw10434634,zwest-29625,0.0,1.0,,1.0,,1
rw10434628,dremond82,1.0,1.0,1.0,,,1
rw10434627,JensH-71,0.0,2.0,,,,2
rw10434623,MonkeyS-94,0.0,1.0,-1.0,,1.0,0
rw10434621,NicolasB-6,1.0,,2.0,2.0,,2
rw10434601,TristanH-44,-1.0,1.0,,,,1
rw10434599,LaurenT-872,1.0,2.0,,,,2
rw10434568,FloridaP,2.0,0.0,2.0,,,2
rw10434560,imdbfan-4869,1.0,1.0,2.0,1.0,2.0,2
rw10434559,IsaacF-3,2.0,,2.0,,,2
rw10434553,imdbfan-2953,,2.0,,2.0,,2
rw10434543,Notanuub,-1.0,1.0,,,1.0,1
rw10434530,bjornarmikkelsen,1.0,1.0,,,1.0,1
rw10434522,pulpfictionclips,1.0,2.0,,,,1
rw10434519,josemanuel-56711,0.0,,,,,1
rw10434493,clarkskel,2.0,,,,,2
rw10434490,MarleyF-1,,2.0,2.0,2.0,,2
rw10434480,KaydenW-8,1.0,1.0,,,,1
rw10434473,CesarT-9,,2.0,2.0,,,2
rw10434469,heatherr718,1.0,,,,,1
rw10434467,AB-06,1.0,,1.0,,,1
rw10434439,ayat-11102,1.0,2.0,,,,1
rw10434419,evy-97473,1.0,,,,,1
rw10434394,FrankGuy3,1.0,,,,,1
rw10434393,Jn-71,-2.0,-2.0,,,,-2
rw10434390,roccomurphy,2.0,,,,2.0,2
rw10434387,Movieenjoyer-89P13,2.0,,2.0,2.0,2.0,2
rw10434354,Dorcable,-1.0,-1.0,-1.0,,,-1
rw10434345,birkedin,0.0,2.0,,,,1
rw10434340,SihleM-8,-2.0,,-2.0,,,-2
rw10434308,KalebA-8,2.0,,,,,2
rw10434330,theghostrider-30596,1.0,,,,,2
rw10434323,mccullinlacy,1.0,2.0,,,,1
rw10434319,DavidR-56,-2.0,,-2.0,-1.0,-2.0,-2
rw10434314,danielzapata-14985,1.0,,,0.0,,1
rw10434312,Jonasw-3,2.0,1.0,2.0,1.0,1.0,2
rw10434311,nagymate-43851,0.0,,1.0,,,1
rw10434309,asyauluyol,1.0,2.0,1.0,-1.0,,1
rw10434302,AnuarA-6,1.0,,,,1.0,1
rw10434276,MaxS-62,2.0,2.0,,2.0,,2
rw10434272,fmtpms,-1.0,,1.0,,,0
rw10434262,imdbfan-9757911690,1.0,0.0,1.0,,,1
rw10434244,imdbfan-3563356699,1.0,,,,1.0,2
rw10434212,MicaelaC-0,0.0,,,,1.0,1
rw10434209,jontaylor-21636,-1.0,,,,,0
rw10434207,Overthesea,-1.0,1.0,,,1.0,1
rw10434189,bjznumber,,2.0,,,,2
rw10434179,elijahmhill,1.0,2.0,1.0,,,2
rw10434160,EllieM-5,2.0,2.0,2.0,,,2
rw10434156,greeksoldieraxil,2.0,,2.0,,,2
rw10434151,cbo-57793,-1.0,-1.0,-1.0,,,-1
rw10434138,oliverikaipainen,1.0,1.0,,,,1
rw10434127,ZachC-1,2.0,2.0,,,,2
rw10434115,imdbfan-2941042361,0.0,,,,1.0,1
rw10434099,JonatanP-0,2.0,2.0,,,,2
rw10434075,tomkern-38158,-1.0,0.0,,,,0
rw10434073,imdbfan-7870189718,2.0,1.0,,2.0,1.0,2
rw10434048,jebediah12000,,1.0,,,,1
rw10434025,sharksattack-19549,,2.0,,,1.0,2
rw10434022,imdbfan-6907419018,2.0,2.0,2.0,,2.0,2
rw10434021,AidanP-4,2.0,,,,,2
rw10434020,alexarghir,-2.0,-2.0,-2.0,,,-2
rw10434000,leoadaniels,1.0,1.0,,,,2
rw10433996,osianrhun,2.0,2.0,,,,2
rw10433947,SummeryKnight,-1.0,,,,,1
rw10433930,Bubby-47499,-1.0,1.0,,,0.0,0
rw10433918,anthonysebay,1.0,2.0,,,,1
rw10433911,boss_the_reveiwer,-1.0,2.0,,,,1
rw10433880,alfieheath-02805,,,,,,1
rw10434096,rileycompugeeks,-2.0,,,,,-2
rw10433689,imdbfan-2405,1.0,1.0,1.0,,1.0,1
rw10433866,JackB-0,-1.0,2.0,1.0,,,-1
rw10433864,jerseyvioletvenus,1.0,1.0,,,,1
rw10433858,helenrhr,0.0,1.0,-1.0,0.0,,1
rw10433856,Nathan-01,2.0,2.0,,,,2
rw10433854,ryancomer,1.0,2.0,1.0,,1.0,2
rw10433685,pradyumna-23475,-1.0,,-1.0,,,0
rw10433810,antec84,1.0,1.0,1.0,,,1
rw10433787,partinacs,0.0,,,,1.0,1
rw10433786,solomonrthatcher,,,2.0,,1.0,2
rw10433760,bthardamaz,-1.0,0.0,-2.0,,1.0,-1
rw10433756,mkristah,1.0,,,,1.0,1
rw10433738,Large_mil,1.0,1.0,,,,1
rw10433725,ZaviiO,-2.0,,,,-1.0,-2
rw10433709,MiguelB-0,0.0,2.0,,,,0
rw10433693,AnasA-6,-2.0,-2.0,,,-2.0,-2
rw10433637,agarwalkavin,1.0,,2.0,,,2
rw10433597,VoicR,2.0,,2.0,2.0,2.0,2
rw10433595,ViggoC,2.0,2.0,2.0,2.0,2.0,2
rw10433577,StargazingM,-1.0,-1.0,-1.0,,,-1
rw10433556,nikolaknopp,0.0,1.0,,,,0
rw10433536,staypuft-25224,1.0,2.0,,,,1
rw10433535,BenG-770,1.0,1.0,,,,1
rw10433527,zanehosgood,1.0,1.0,2.0,,1.0,1
rw10433520,Amireditz,,1.0,1.0,,,1
rw10433516,Alexs-263,2.0,,,,2.0,2
rw10433510,imdbfan-5261,2.0,,2.0,,,2
rw10433464,IrysS-3,2.0,,,1.0,,2
rw10433462,AntonioJ-0,2.0,,,,2.0,2
rw10433460,khaledspider-62395,1.0,1.0,,,,1
rw10433452,solarpower9,0.0,1.0,,,,1
rw10433449,simonderekpearce,-2.0,,,0.0,,-1
rw10433445,Zaptor-2,1.0,-1.0,2.0,,,2
rw10433426,SilvestrasJ,-2.0,,,-1.0,,-2
rw10433419,Alex-0222,2.0,2.0,2.0,,2.0,2
rw10433407,JakeH-8,-1.0,2.0,1.0,,1.0,1
rw10433406,CarlosN-0,-1.0,0.0,1.0,,,1
rw10433397,imdbfan-2222,2.0,,,,1.0,2
rw10433314,ntdyydz,1.0,,,,,2
rw10433313,karlienz,-2.0,-2.0,0.0,,,-2
rw10433383,lucascoo,0.0,,,,2.0,2
rw10433372,imdbfan-0670555854,-1.0,,,,,1
rw10433371,AndreaL-45,1.0,1.0,,1.0,1.0,2
rw10433353,nbutcher-69458,-1.0,0.0,-1.0,-1.0,,0
rw10433329,YazizSH67,2.0,,2.0,,1.0,2
rw10433321,batrnik,,2.0,2.0,,,2
rw10433320,imdbfan-9226,0.0,,1.0,,,1
rw10433308,ykdkfkkfkg,1.0,2.0,,0.0,1.0,1
rw10433297,w-41145,1.0,,,,1.0,1
rw10433280,anachmed,-1.0,0.0,,,,1
rw10433269,Takeaway-9,1.0,1.0,1.0,,,1
rw10433267,SigmaO-0,1.0,1.0,,,,1
rw10433263,yahirlopez-86554,1.0,,1.0,,,1
rw10433260,KaelS-9,1.0,,,,1.0,1
rw10433242,brickammo,1.0,1.0,,,1.0,1
rw10433220,YuC-0,1.0,,2.0,2.0,,2
rw10433219,KodyK-0,2.0,2.0,2.0,,,2
rw10433200,GavenE-0,0.0,,,,,1
rw10433157,qdqtdpz,-2.0,,,,,-2
rw10433025,garymcvey,1.0,2.0,,,,1
rw10433131,NicoleT-86,-2.0,,,,-2.0,-2
rw10433119,Chickenj-8,2.0,2.0,2.0,,,2
rw10433108,DinoA-0,-1.0,,1.0,,,1
rw10433089,bradysullivan-51224,0.0,1.0,1.0,,,1
rw10433084,TuckerL-2,-1.0,,,,,2
rw10433065,AaravB-6,-1.0,1.0,-2.0,,1.0,1
rw10433062,BigM-0,1.0,,1.0,,,1
rw10433054,betobruster,0.0,1.0,,,,1
rw10433051,littlestb-8,2.0,2.0,2.0,2.0,,2
rw10433049,nlkcookies,1.0,,1.0,,,1
rw10433037,bronco-78295,1.0,1.0,,,,1
rw10433658,movieman6-413-929510,-1.0,1.0,0.0,,0.0,0
rw10433325,AnActorExplains,-1.0,-1.0,1.0,-1.0,-2.0,-1
rw10433133,UniqueParticle,1.0,2.0,,,,2
rw10433032,DJMACH5,2.0,,,,1.0,2
rw10433030,b_yocum,2.0,2.0,2.0,,,2
rw10433028,imdbfan-6178,2.0,,,,1.0,2
rw10433024,imdbfan-9648434340,-1.0,0.0,0.0,,,0
rw10433010,TuckerH-6,1.0,,,,1.0,2
rw10433009,imdbfan-5851444733,1.0,,,,1.0,1
rw10433007,ThomasK-31,-1.0,1.0,,,,0
rw10432984,gbozoki,-2.0,-2.0,-2.0,,,-2
rw10432980,auzzzzz4,2.0,,,,,2
rw10432907,bmceneny,2.0,,,0.0,1.0,2
rw10432974,imdbfan-1201242420,2.0,2.0,2.0,2.0,,2
rw10432939,case64,0.0,1.0,-1.0,,,1
rw10432935,MM-3774,-2.0,-2.0,1.0,,,-2
rw10432933,AidenH-3,1.0,1.0,0.0,,,1
rw10432927,MarcyWuFan420,0.0,1.0,1.0,1.0,,1
rw10432926,mmcauslan-39759,0.0,,,,,1
rw10432921,Coltonw-9,0.0,,1.0,,,1
rw10432887,Mine_Kraft,2.0,2.0,,,,2
rw10432882,lexbhoyt,1.0,,2.0,,,1
rw10432879,ncoberlin,-2.0,-2.0,1.0,,,-2
rw10432868,nateslifetwitch,-1.0,1.0,,0.0,,0
rw10432858,adam-47648,1.0,1.0,2.0,,,2
rw10432856,BobbiaynM,-2.0,-1.0,-2.0,,,-2
rw10432854,CatStats,1.0,,,,,2
rw10432851,jacksonfleming-94939,,2.0,,,,2
rw10432848,CarloP-4,2.0,,,,2.0,2
rw10432842,hellbounddevildog,1.0,1.0,1.0,,,2
rw10432839,The_Gardening_Bros,1.0,1.0,,,1.0,1
rw10432832,jdavisson-61661,1.0,,,,1.0,1
rw10432830,violetlove-05971,1.0,1.0,1.0,1.0,,2
rw10432823,ColeG-0,2.0,2.0,2.0,,2.0,2
rw10432820,JeremyDHett,-1.0,0.0,1.0,2.0,,1
rw10432817,cubanomix,1.0,2.0,,1.0,,2
rw10432812,Spooderman-9,-2.0,-2.0,-2.0,,1.0,-2
rw10432805,JacksonM-9,1.0,,2.0,,,2
rw10432794,hpbvxckx,1.0,,,,1.0,2
rw10432867,tjballard-59803,1.0,1.0,1.0,,,1
rw10432792,Hk42_,2.0,2.0,,,,2
rw10432762,BagelB-1,,,,,1.0,1
rw10432758,zcxjbpd,-1.0,1.0,,,,0
rw10432752,NathanZ-2,1.0,,,,,1
rw10432749,MunkhO,2.0,2.0,,2.0,,2
rw10432744,ShannonK-46,-1.0,0.0,,,-1.0,-2
rw10432730,XavierV-8,1.0,,,,1.0,1
rw10432722,ValeighaM,1.0,,,,1.0,1
rw10432714,Siem-33,0.0,0.0,1.0,1.0,,1
rw10432694,noahswaney,2.0,2.0,2.0,,,2
rw10432692,zackarypeck,2.0,,2.0,,,2
rw10432677,jhomelvantonio,1.0,,1.0,,,1
rw10432669,michael_harbin_,1.0,,,,,1
rw10432663,HannahN-3,2.0,,,,,2
rw10432651,hadendickerson,,2.0,,2.0,1.0,2
rw10432650,FinnD-0,1.0,1.0,2.0,,,1
rw10432639,leighwarin,-1.0,-1.0,-1.0,,1.0,0
rw10432632,NoahL-1,,,1.0,,,2
rw10432545,hi-58944,0.0,,,,,1
rw10432629,furretsteam,0.0,2.0,,,1.0,1
rw10432625,CooperR-08,2.0,2.0,2.0,,,2
rw10432616,akawa-49591,-1.0,,,,0.0,0
rw10432606,MarwanE-19,1.0,1.0,,,,2
rw10432601,oliverg-7,2.0,2.0,,,,2
rw10432586,TetoK-6,-1.0,,-1.0,,,-1
rw10432578,MagdA-67,1.0,,,,1.0,1
rw10432550,imdbfan-4137374231,2.0,,,,,2
rw10432543,the_jacnator2000,1.0,1.0,,,,1
rw10432533,InuY-7,1.0,,,,1.0,1
rw10432527,imdbfan-6471202868,0.0,,,,,1
rw10432523,hayley-51179,1.0,,,,,1
rw10432512,friichan,1.0,1.0,2.0,1.0,,1
rw10432504,domastim-69596,-1.0,,,,,1
rw10432494,beleb-4,1.0,,,,,1
rw10432489,ElliottM-5,1.0,1.0,,1.0,,1
rw10432482,SirJ-8,2.0,2.0,,1.0,,2
rw10432477,GarrettT-22,1.0,2.0,-1.0,1.0,,2
rw10432473,amymcmahon-24970,1.0,1.0,,,,1
rw10432459,JakubK-8,2.0,,2.0,,,2
rw10432453,xpostlmao,-2.0,,,,-2.0,-2
rw10432429,lukemeijer,2.0,,2.0,,,2
rw10432425,AmmarR-9,1.0,,1.0,,1.0,2
rw10432419,MatthasH-5,2.0,2.0,2.0,2.0,2.0,2
rw10432410,imdbfan-4387950285,-1.0,-1.0,1.0,,,1
rw10432400,yasminyair,2.0,,,,1.0,2
rw10432394,pootato,2.0,,,,1.0,2
rw10432392,CalebS-6,1.0,1.0,1.0,,,2
rw10432373,bruhjammybleh,-2.0,0.0,,0.0,,1
rw10432356,teoszakal,0.0,,,,0.0,0
rw10432352,TheoS-37,1.0,2.0,,,1.0,1
rw10432193,Yaza-6,-2.0,0.0,,,,-1
rw10432306,imdbfan-0875498620,1.0,1.0,1.0,,,1
rw10432288,imdbfan-3582,2.0,,,,,2
rw10432282,dxgkvkpdvx,2.0,2.0,-2.0,,,2
rw10432280,korenago,2.0,2.0,2.0,2.0,,2
rw10432276,stevensonjoel-87659,2.0,2.0,2.0,,2.0,2
rw10432255,HapsaraS,2.0,,,,1.0,2
rw10432248,AlexB-05,2.0,,,,2.0,2
rw10432240,brendanrbarrow,-1.0,1.0,,,,1
rw10432227,Thomask-37,,,2.0,,,2
rw10432216,imdbfan-378,1.0,1.0,1.0,1.0,,1
rw10432213,arbelfoox,0.0,,,,,1
rw10432210,CarterC-9,-1.0,,,,,1
rw10432205,vukasinkerezovic,2.0,,,,1.0,2
rw10432195,AlexanderChr,-1.0,,,,,0
rw10432185,Ouchtor,1.0,1.0,1.0,1.0,1.0,1
rw10432178,wytzfrvmw,1.0,1.0,,,,1
rw10432173,tobyjmcd,2.0,2.0,,,2.0,2
rw10432154,mathiesonharry,2.0,,2.0,,,2
rw10432153,jamiecorrigan,2.0,2.0,,,,2
rw10432128,darraghgallagher-75594,-1.0,2.0,1.0,,,1
rw10432119,Ohiot,2.0,,2.0,,2.0,2
rw10432076,kilmurrymatthew,0.0,1.0,1.0,1.0,,1
rw10431991,queenie-87891,1.0,1.0,,,,1
rw10432050,imdbfan-6964902440,1.0,,1.0,,,1
rw10432048,CCrusader,-2.0,-1.0,,,,-2
rw10432045,kinggeorge-57379,,,,,,2
rw10432037,Narpax,0.0,-1.0,,,,1
rw10432016,LeoS-48,1.0,2.0,,,,1
rw10393477,stevendbeard,1.0,1.0,,,,1
rw10432743,JuanAsilo,1.0,1.0,1.0,,1.0,1
rw10432328,SpyroDungeon,1.0,1.0,1.0,,1.0,1
rw10432008,imdbfan-869,1.0,1.0,1.0,1.0,,1
rw10432006,ioanmwork,-2.0,-2.0,-2.0,,,-2
rw10431993,Alestr-3,1.0,,,,1.0,1
rw10431985,asoftdolphin,0.0,,1.0,,,0
rw10431965,lewis2127,-1.0,,,,-1.0,-1
rw10431961,Ivelina-1,-1.0,,2.0,-1.0,,0
rw10431945,imdbfan-1441992940,2.0,,,2.0,,2
rw10431944,zmjhhjxf,1.0,2.0,,,1.0,2
rw10431926,imdbfan-3428687620,2.0,,2.0,-1.0,,1
rw10431911,imdbfan-1899094441,-2.0,1.0,,,,-1
rw10431910,jackhorrocks-39332,2.0,,,,,2
rw10431888,yrkfkx,2.0,2.0,2.0,,1.0,2
rw10431872,SokusYT,,,2.0,,,2
rw10431834,Carlos-d-aragon,1.0,,,,,1
rw10431828,RioGrah,1.0,1.0,,1.0,,1
rw10431824,imdbfan-5774336931,,,1.0,,,2
rw10431794,ZCRMCE,-1.0,,1.0,1.0,1.0,1
rw10431767,blayzeplays,2.0,,2.0,,,2
rw10431765,imdbfan-2556926860,1.0,0.0,1.0,,,1
rw10431751,aratherlargebatmanfan,2.0,,,,2.0,2
rw10431741,imdbfan-0534230715,1.0,1.0,1.0,,1.0,1
rw10431724,mathiasbolton,2.0,2.0,,,,2
rw10431706,rieshamilton,2.0,2.0,2.0,2.0,,2
rw10431703,imdbfan-5737846608,1.0,,,,,1
rw10431676,imdbfan-5720258082,2.0,2.0,2.0,,2.0,2
rw10431662,Blake_Collins,-1.0,-1.0,-1.0,,,-1
rw10431658,magjackdowd,1.0,2.0,,,1.0,1
rw10409482,Meknot,1.0,-1.0,-1.0,1.0,0.0,0
rw10432026,EaganW,1.0,2.0,2.0,,,2
rw10431853,imdbfan-4546776876,1.0,2.0,,,1.0,2
rw10431462,imdbfan-7602660895,-1.0,-1.0,1.0,1.0,,-1
rw10431648,jansrw,-2.0,0.0,-1.0,,,-1
rw10431622,markushiversen,,,-2.0,,,-2
rw10431598,natashaperkins-95119,1.0,1.0,,1.0,,2
rw10431596,ShowtimeMoore,-1.0,-1.0,,,1.0,1
rw10431578,willbani,-1.0,,1.0,,,1
rw10431548,imdbfan-7486509835,-1.0,,,2.0,1.0,1
rw10431539,imdbfan-7062747134,0.0,1.0,1.0,,,1
rw10431538,imdbfan-3887782302,1.0,1.0,1.0,1.0,,1
rw10431503,imdbfan-9024233891,-2.0,-2.0,,,,-2
rw10431383,dan000206,1.0,,,,,1
rw10431342,omarjaafar-98561,0.0,1.0,,,,1
rw10431296,libingrui666,-1.0,-1.0,,1.0,1.0,0
rw10431270,aedyrup,2.0,,,,,2
rw10431269,imdbfan-8285821864,0.0,2.0,,,,1
rw10431225,davidscreation,,1.0,-1.0,,,1
rw10431093,yzx-50102,0.0,,,,,1
rw10431064,Vinheta,-2.0,-1.0,-2.0,,,-2
rw10430979,farharayan,1.0,2.0,,,1.0,1
rw10431062,imdbfan-6631864246,-1.0,,1.0,1.0,,0
rw10431059,Azzy2935,-1.0,,1.0,,,1
rw10431048,randomreviewere22,0.0,1.0,,,,1
rw10431040,candyannthompson,0.0,,1.0,,,1
rw10431015,tor_erik_sire,-2.0,,-1.0,,,-2
rw10431013,imdbfan-7976533206,1.0,2.0,2.0,,1.0,1
rw10430985,mcdowboke,1.0,1.0,1.0,,,1
rw10430891,carlosferortizl,0.0,,1.0,0.0,,0
rw10430883,GryeD,1.0,,,,,1
rw10430866,imdbfan-4044032451,1.0,,0.0,,,1
rw10430746,SkibiddeyCritical,-1.0,,1.0,,,1
rw10430740,imdbfan-3488395384,0.0,,1.0,,,1
rw10430737,datebread,-1.0,,,,1.0,1
rw10430718,imdbfan-1454242106,2.0,1.0,2.0,,2.0,2
rw10430332,imdbfan-3299583166,2.0,,,,,2
rw10430704,imdbfan-9085208537,-1.0,1.0,-1.0,,,0
rw10430701,emmagmackey,,2.0,,,,2
rw10430668,opsrob,1.0,1.0,1.0,,,1
rw10430663,Hurdlescaper,,2.0,,,,2
rw10430657,sjwaterfield,1.0,,,,,2
rw10430642,imdbfan-4427735155,0.0,1.0,1.0,,,1
rw10430632,imdbfan-1895365625,1.0,,,,0.0,1
rw10430616,august_sanders,1.0,1.0,0.0,2.0,,1
rw10430562,imdbfan-1183917104,1.0,,,,,1
rw10430548,whitepersuason,,2.0,,,,1
rw10430527,Thespian74,-1.0,,,,1.0,1
rw10430510,imdbfan-9702301215,1.0,1.0,1.0,,,1
rw10430488,imdbfan-2510142359,1.0,2.0,2.0,,1.0,1
rw10430462,romansam-71046,2.0,2.0,,,,2
rw10430459,jlukssabino-38675,0.0,1.0,1.0,,,1
rw10430433,bagofnuts-22643,1.0,1.0,-1.0,,,1
rw10430432,lincolndemke,1.0,2.0,,,,2
rw10430431,imdbfan-7621927777,-2.0,-1.0,,,-2.0,-2
rw10430422,specularpotato,-1.0,1.0,2.0,,,0
rw10430415,imdbfan-6750454837,1.0,2.0,2.0,,1.0,2
rw10430409,makaylaadkins,1.0,2.0,1.0,,,1
rw10430400,imdbfan-1630425037,1.0,1.0,,,1.0,1
rw10430399,tremainelewis-15080,2.0,2.0,,,,2
rw10430360,alanagfischer,-1.0,1.0,2.0,,-1.0,0
rw10430298,imdbfan-3866993878,1.0,2.0,,,,1
rw10430289,abeburnett,1.0,2.0,2.0,1.0,,1
rw10430288,nicholasgangaram,-1.0,1.0,,,,0
rw10430267,imdbfan-3987495329,,2.0,,,,2
rw10430257,imdbfan-6362655033,0.0,1.0,,,,2
rw10430200,rdprblue,1.0,,,,1.0,1
rw10430190,tymanhenry,2.0,,,,,2
rw10430181,rm_tk,0.0,,1.0,,,1
rw10430161,AdrenalinDragon,1.0,,,,,0
rw10430097,RichyBrooks,-1.0,,1.0,,1.0,1
rw10430069,abdullashabani,,,1.0,,,1
rw10429987,NoSoyUnCritico,-1.0,1.0,-1.0,,,0
rw10429984,reillyscott-34204,-1.0,1.0,,,,1
rw10429923,ahrenmedina,2.0,2.0,,,1.0,2
rw10429908,imdbfan-0065599095,1.0,,,,1.0,1
rw10429855,albradderz,,2.0,1.0,,,1
rw10429765,imdbfan-2030965873,2.0,,2.0,,,2
rw10429759,gillsrudolfs,,,2.0,,2.0,2
rw10429701,imdbfan-6657283410,-2.0,-2.0,1.0,,,-1
rw10429643,imdbfan-5133779758,2.0,,2.0,,1.0,2
rw10429624,imdbfan-8872043112,1.0,,2.0,,,2
rw10429620,ahmednashed,-2.0,-2.0,-2.0,,,-2
rw10429614,adanielryan,0.0,,1.0,,,1
rw10429391,abdullahaltayar,2.0,,,,1.0,2
rw10430305,kosmasp,1.0,1.0,,,1.0,1
rw10429527,imdbfan-3473140029,2.0,,2.0,,2.0,2
rw10429505,imdbfan-2604103792,1.0,1.0,,1.0,,1
rw10429499,captineggylopez,2.0,2.0,2.0,1.0,,2
rw10429432,micktoonia,1.0,1.0,1.0,,2.0,1
rw10429425,imdbfan-5844968066,2.0,2.0,2.0,,,2
rw10429368,imdbfan-7262910257,1.0,1.0,,,,1
rw10429346,Ridgefeather,0.0,1.0,1.0,,,1
rw10429331,imdbfan-1549441625,1.0,,,,,2
rw10429318,Mistarin,1.0,,1.0,,,1
rw10429312,lilyamohammed,0.0,,1.0,,,1
rw10429301,yardenbenyair,2.0,,2.0,,1.0,2
rw10429102,johngshen,-1.0,1.0,,,,0
rw10429243,zeroraven-43764,2.0,2.0,2.0,,2.0,2
rw10429159,chesskiddos,1.0,,,1.0,,2
rw10429153,fightingantifascism,-2.0,-1.0,-2.0,,,-2
rw10429151,imdbfan-8814713800,2.0,,2.0,2.0,,2
rw10429140,imdbfan-2902400281,2.0,,,,2.0,2
rw10429110,imdbfan-2043648272,-1.0,1.0,1.0,,,1
rw10429045,imdbfan-2847334851,1.0,1.0,1.0,,1.0,2
rw10429033,imdbfan-1436399648,1.0,2.0,2.0,,,2
rw10390595,Chaosfn,-1.0,2.0,-1.0,,,-1
rw10429424,imdbfan-1835654337,2.0,2.0,,,,2
rw10429026,imdbfan-5402846089,2.0,2.0,2.0,,2.0,2
rw10429010,imdbfan-8477278522,-2.0,,-1.0,,0.0,-2
rw10428986,nalindra-ferdinando,0.0,1.0,,,,1
rw10428974,imdbfan-7585447684,-1.0,-1.0,-1.0,,,-1
rw10428955,imdbfan-2468521558,-2.0,,,,-1.0,-2
rw10428908,imdbfan-0884540932,1.0,2.0,,,,2
rw10428905,imdbfan-4914329864,,2.0,2.0,,,2
rw10428893,alexschraner,2.0,2.0,2.0,,,2
rw10428852,maralik-2002-0724,-1.0,0.0,,,,-1
rw10428838,imdbfan-4892514254,1.0,1.0,,,,1
rw10428837,imdbfan-3040531689,2.0,2.0,2.0,,,2
rw10428814,My-Name-Jeff-Vine-Compilations,-1.0,,,,0.0,0
rw10428751,imdbfan-8399654878,2.0,2.0,2.0,,,2
rw10428721,imdbfan-4211991608,0.0,1.0,,,,1
rw10428696,kyanjw,2.0,,,,,2
rw10428188,merijnwayam,1.0,,,,,1
rw10428111,amoracm,,1.0,,,,1
rw10428102,paulogalgaro,1.0,2.0,1.0,,,1
rw10428099,imdbfan-9447482974,2.0,,,,1.0,2
rw10428074,imdbfan-9492434188,1.0,,,,1.0,1
rw10428048,highdefinitionsound,-2.0,,,,-1.0,-2
rw10428031,ariahamdollahi,1.0,1.0,1.0,1.0,,1
rw10427887,sofushedensted,1.0,1.0,1.0,,,1
rw10427801,rjnfcqhks,1.0,2.0,1.0,,,1
rw10427788,itzcrazy,0.0,,-1.0,-1.0,,1
rw10427773,imdbfan-4551806907,1.0,1.0,1.0,,,2
rw10427759,stevanlung,0.0,1.0,,,,1
rw10427740,JonahCamey2,0.0,,1.0,,,1
rw10427684,anassha-12284,-1.0,,1.0,1.0,,1
rw10426550,LegoBoyo,0.0,1.0,,,,1
rw10427664,imdbfan-3734074445,2.0,2.0,2.0,,,2
rw10427661,apophisk-01281,0.0,,1.0,,,1
rw10427606,SamiFilms,-1.0,1.0,,,0.0,0
rw10427578,lMDb6,2.0,,,,2.0,2
rw10427573,A-Minecraft-Fan,-1.0,1.0,1.0,,,1
rw10427461,Senom_vex_1337,0.0,1.0,,,,1
rw10427211,ChickenJockey,0.0,2.0,,,,1
rw10426879,Holycow8,1.0,2.0,,,,2
rw10426347,CallumJenningsHupko,-1.0,1.0,2.0,,,1
rw10426320,slasher-asim,1.0,,1.0,,,1
rw10459607,rstloup-59645,1.0,1.0,1.0,0.0,1.0,1
rw10459333,jessiesnxdr,1.0,1.0,-1.0,1.0,,1
rw10458911,bryon-88872,0.0,1.0,1.0,1.0,,1
rw10458070,seifs-09,-1.0,-1.0,,1.0,,-1
rw10457921,landona-99086,-1.0,1.0,,1.0,,0
rw10463754,amohammadi-82962,-2.0,,1.0,,,-1
rw10464799,mracmatthew,1.0,1.0,,,1.0,1
rw10433884,imdbfan-6700060090,2.0,,2.0,,2.0,2
rw10400831,DakotahManMovies,-1.0,1.0,-1.0,0.0,,0
rw10394712,keiraf-24824,2.0,2.0,2.0,2.0,2.0,2
rw10306139,heyflp,-1.0,1.0,1.0,,-1.0,0
rw10426470,RaeSerbeck,1.0,1.0,2.0,,1.0,1
rw10444457,Batman9003,1.0,2.0,,,1.0,1
rw1041808,jboothmillard,-1.0,,1.0,,-1.0,0
rw10432353,Abcsa_,-1.0,,0.0,,,0
rw10405162,yashhraaj,2.0,2.0,2.0,,1.0,2
rw10447254,cinemapersonified,-1.0,,1.0,1.0,,0
rw10410864,a-j-kelly,1.0,2.0,2.0,,1.0,1
rw10402288,parksiet,1.0,2.0,1.0,,2.0,1
rw10430189,mishahaynie,-1.0,1.0,,,1.0,0
rw10439430,TheVictoriousV,0.0,1.0,,,0.0,1
rw10428934,MrDHWong,1.0,1.0,,,1.0,1
rw10454697,Eric_S_Scott,1.0,2.0,,,,2
rw10454623,vali_from_tm,-2.0,,,,-1.0,-2
rw10452110,RonW-0,-2.0,,,,,-2
rw10464994,emceeanz,1.0,,,,0.0,1
rw10464106,AlissonR-5,-1.0,2.0,1.0,,-1.0,-1
rw10464046,reignofexcalibur,0.0,1.0,2.0,,1.0,1
rw10463965,gadygrosz,-2.0,-2.0,,,,-2
rw10463925,TakeTwoReviews,2.0,2.0,,,1.0,2
rw10463828,fabianechuck,-1.0,,,,-1.0,-1
rw10463508,vidagabi-429-803187,-1.0,-1.0,,,,-1
rw10463244,Yousif_Almeamari,-2.0,,,,,-2
rw10402546,stevelivesey-37183,-2.0,-2.0,1.0,,,-2
rw10462094,MLVC4E,,2.0,1.0,,1.0,1
rw10461945,luflo_,0.0,1.0,,,1.0,1
rw10460644,pavlomir,-1.0,,,,,-1
rw10460416,kikkakon,2.0,,2.0,,2.0,2
rw10460233,chrisklugh,0.0,,,,0.0,0
rw10460205,VesyM,-1.0,2.0,,,-1.0,-1
rw10452266,ajax-05181,2.0,,2.0,,2.0,2
rw10459851,chand-suhas,0.0,,,,1.0,0
rw10458210,akmalniyaz7,2.0,2.0,,1.0,1.0,2
rw10457900,BrookeH-4,0.0,-1.0,,,0.0,1
rw10457670,penelopepoczuda,1.0,1.0,,,2.0,1
rw10457331,alibrahim1,-2.0,-1.0,1.0,,,-2
rw10454664,mindtravel-81982,1.0,,,,2.0,1
rw10430986,xnicofingerx,1.0,-1.0,2.0,,1.0,1
rw10456999,fredfr0g,0.0,2.0,,,1.0,1
rw10392817,DoNotComeToTheCinemaDepressed,-1.0,,2.0,,0.0,1
rw10456250,Elsterbert,-1.0,,,,-1.0,-2
rw10455822,setaside-20451,0.0,,,,,0
rw10455652,SLEVALL4868,0.0,1.0,2.0,,1.0,1
rw10455637,Albigash,-1.0,2.0,,,,-1
rw10454857,mark-67214-52993,-1.0,2.0,,,-1.0,-1
rw10454457,JOSE_17,-1.0,1.0,2.0,0.0,-1.0,0
rw10454079,Movie_Rating_n_Ranking,-1.0,1.0,1.0,,1.0,1
rw10453834,avianflu,-2.0,-2.0,,,,-2
rw10453717,Aemto7,2.0,2.0,2.0,,1.0,2
rw10453648,ikal1,-2.0,,-2.0,,,-1
rw10453450,timmsy1986,-2.0,,,,,-2
rw10453217,deloudelouvain,1.0,1.0,,,0.0,1
rw10451696,hydralien,-1.0,0.0,1.0,,1.0,1
rw10451475,plszilveszter,1.0,2.0,,,1.0,1
rw10451300,cindyu-71280,-2.0,-2.0,,,,-2
rw10450903,PatrickM-306,2.0,,,,1.0,2
rw10450841,nonenone-00544,1.0,1.0,,,1.0,1
rw10450782,alison-ramage,-2.0,-1.0,,,-1.0,-2
rw10450369,raichmann,-1.0,1.0,,,-1.0,0
rw10449982,Prince_Chute,-1.0,,,,-1.0,-1
rw10448748,the_movies_slasher,0.0,2.0,,,1.0,1
rw10449886,kuarinofu,-2.0,-2.0,,1.0,-2.0,-2
rw10449742,knvixen,-1.0,1.0,,,1.0,1
rw10449710,MrSelfPaid,-2.0,,,,,-2
rw10449663,likemoviesverymuch,2.0,2.0,2.0,,,2
rw10449468,AvionPrince16,-1.0,1.0,,,-1.0,0
rw10449303,EbrahimH-9,-1.0,,0.0,,-1.0,-1
rw10449222,mhdadhamalmalla,,2.0,,,,2
rw10449103,stuart_davies,-2.0,,,,,-2
rw10448663,Thepilotscut,1.0,,,,1.0,1
rw10448478,zsnlmv,-2.0,1.0,,,,0
rw10448430,2b33,0.0,2.0,,,0.0,1
rw10448317,perovicmoffice,-1.0,,,,-1.0,-1
rw10447883,caleballen-87980,-1.0,-1.0,,,-1.0,-1
rw10447870,payiyugk2,-1.0,-1.0,,,,-1
rw10447700,Ado_123,-1.0,,,,-1.0,-1
rw10447586,cammic,-2.0,-1.0,,,,-2
rw10447523,Persian_Prince85,-1.0,-1.0,,,,-1
rw10447446,Maha_MZ,0.0,1.0,2.0,,1.0,1
rw10447278,malupsm,,,,,0.0,1
rw10447004,kindastolen,-1.0,1.0,,,-1.0,0
rw10446934,apap-918-49707,-2.0,,,,,-2
rw10446825,SamuelC-52,-2.0,,,,,-2
rw10446796,Wanaja,-1.0,2.0,0.0,,-1.0,0
rw10446684,stavroskipouros,0.0,1.0,1.0,,1.0,1
rw10446360,mrfreddyfilm,0.0,1.0,,,0.0,1
rw10446268,somembom,-1.0,1.0,1.0,,0.0,-1
rw10426686,Mufx_Gx,-1.0,2.0,1.0,-1.0,1.0,1
rw10445884,jxnsbcb,-2.0,-1.0,,,-1.0,-2
rw10445244,PlushieCinemaBuddies,1.0,2.0,2.0,,1.0,2
rw10445127,Dargoos,-1.0,,-1.0,,,-1
rw10444837,cjonesas,-1.0,1.0,1.0,0.0,-1.0,0
rw10444106,sharon_sf,-1.0,,,,,-1
rw10444048,hestia-30771,1.0,1.0,1.0,,1.0,1
rw10443573,ernescliffecoalition,-1.0,2.0,,,0.0,-1
rw10443431,ebayman-69397,-2.0,,,,-2.0,-2
rw10443282,andolini-80524,2.0,2.0,,,,2
rw10443077,kareems-00,-1.0,-1.0,,,-1.0,-1
rw10443036,maulcun,1.0,1.0,1.0,,1.0,1
rw10442950,Steve9920,-1.0,1.0,1.0,,0.0,1
rw10440983,nemods,-2.0,-2.0,-2.0,,,-2
rw10442786,SoumikBanerjee1996,-1.0,,,,1.0,0
rw10442682,danieljfarthing,1.0,2.0,,,1.0,2
rw10442001,Hrmnxx80,0.0,2.0,1.0,,,1
rw10441553,The-Moonraker,-1.0,,1.0,,-1.0,-1
rw10441329,Happyai,1.0,,,,,1
rw10441101,gustavs920,-1.0,-1.0,,,0.0,0
rw10441030,Hakihiko,,1.0,2.0,,1.0,1
rw10440996,FaberFilmFiles,1.0,1.0,2.0,,1.0,1
rw10440616,avernuslord,2.0,2.0,,,,2
rw10440560,devonjon-15751,1.0,1.0,,,1.0,1
rw10440324,WereWolf1776,,-2.0,,,,-2
rw10439858,sharicita,1.0,2.0,,,,1
rw10439532,siderite,-2.0,-2.0,-2.0,-2.0,,-2
rw10439321,imdbfan-3615775923,-1.0,,,,,-1
rw10439246,Oblivion14,-2.0,,,,,-2
rw10437728,zsolt-bottka,-2.0,,,,,-2
rw10438939,AvianZoo,1.0,1.0,1.0,,0.0,1
rw10438873,ericag_ph,-1.0,1.0,0.0,,,-1
rw10438829,julievanrijsewijk,1.0,1.0,,,1.0,1
rw10438748,ilnepasla,-2.0,-1.0,,,,-1
rw10438700,mattdamonlover69,1.0,,1.0,1.0,,1
rw10438683,xroo-73772,-2.0,-2.0,,,,-2
rw10438641,clemens-mm,-1.0,1.0,,,-1.0,-1
rw10438630,MarkMurphyUK,-1.0,1.0,,,,-1
rw10437632,chaotykofficial,-1.0,1.0,,,-1.0,-1
rw10437494,xwqzx,-2.0,1.0,0.0,,,-2
rw10437493,abdinovfikret,2.0,2.0,2.0,,1.0,2
rw10437353,bifutake,-2.0,,,,,-1
rw10437293,greygalah,-2.0,1.0,,,-1.0,-1
rw10436966,phulla,-2.0,,-2.0,,,-2
rw10436933,fensta-577-940793,-2.0,-2.0,-1.0,,,-2
rw10436895,urkus,-1.0,,,,,0
rw10436826,enderozd,-1.0,-1.0,,,,-1
rw10436656,jayg_58,1.0,1.0,,,,1
rw10436648,nickworkalternative,-2.0,-1.0,-1.0,,,-2
rw10436630,bsiginc7,-1.0,0.0,1.0,,-1.0,-1
rw10436603,paul_haakonsen,0.0,1.0,1.0,,,0
rw10436265,almanac-39178,-1.0,1.0,,,,-1
rw8667433,CinemaClown,-1.0,1.0,1.0,,0.0,0
rw10399837,imdbfan-2923773760,-1.0,2.0,,,-1.0,0
rw10436008,prakashsaurabh,-1.0,1.0,,,,0
rw10435468,dwoodbiz,1.0,2.0,1.0,,1.0,1
rw10435396,goodwalk-63676,-1.0,2.0,,,1.0,1
rw10435263,JamieS-22,1.0,2.0,,,,1
rw10435079,delko-98235,1.0,1.0,,,0.0,1
rw10435018,isocano,-1.0,-1.0,0.0,,,0
rw10430008,Wirxaw,-1.0,-1.0,,-1.0,-1.0,0
rw10434183,chloq,0.0,2.0,1.0,,0.0,1
rw10432471,lanmitachu,1.0,2.0,1.0,,1.0,1
rw10432336,stephenplant-10994,-2.0,,,,,-2
rw10432107,guilhermegsfeitosa,-2.0,,,,-1.0,-2
rw10431362,imdbfan-2303926715,-1.0,2.0,-1.0,,-1.0,0
rw10430389,RegalsReelView,1.0,,,,1.0,1
rw10430127,KompetenterMedic,0.0,1.0,0.0,-1.0,0.0,0
rw1269629,evanston_dad,-1.0,-1.0,,,-1.0,-1
rw10429887,Barooni_gamer,-1.0,,,,,-1
rw10429567,gaaduunpaamaai,0.0,-1.0,-2.0,-2.0,,-1
rw10429289,Fiachy,0.0,,-1.0,,1.0,0
rw10426053,davidmmeredith,-2.0,-2.0,,,,-2
rw10428584,maaroof,1.0,2.0,2.0,,,1
rw10427970,imdbfan-6304267085,-2.0,,,,,-2
rw10427072,Aussie_Tim,1.0,1.0,1.0,1.0,,2
rw10426821,ryanmo-35178,1.0,1.0,,,,1
rw10426602,dragancak3,-2.0,,,,-1.0,-2
rw10426524,SweetDanger69,0.0,1.0,1.0,,0.0,1
rw10425825,jakethesnake-18813,-1.0,2.0,-1.0,,,1
rw10425722,alexcaa_or_Enigma,0.0,,,,,1
rw10424375,davenittel,-1.0,-2.0,,-2.0,-1.0,-2
rw10424231,Luv2Spooge,-1.0,,-1.0,,,-1
rw10424063,simmans,-1.0,,,,-1.0,-1
rw10423538,sofiemaip,1.0,,,,1.0,1
rw10423525,yanicksteinbeck,-1.0,,,,,-2
rw10422778,anraelnow,-2.0,-2.0,-2.0,-2.0,,-2
rw10422717,horst69,-2.0,-2.0,,,,-2
rw10422040,zhazha-90461,-2.0,-2.0,-2.0,,,-2
rw10421782,tuemail,-2.0,,,,,-1
rw10421575,jp_91,1.0,2.0,2.0,2.0,1.0,1
rw10419287,tq-1,1.0,,,,-1.0,1
rw10418028,imdbfan-1770986762,2.0,2.0,2.0,,2.0,2
rw10415900,imdbfan-8105525815,2.0,2.0,,,1.0,1
rw10415691,Nikljor,-1.0,1.0,2.0,,-1.0,0
rw10417729,CommonSenseCritic,0.0,1.0,0.0,,0.0,1
rw10417132,imdbfan-9824946942,1.0,2.0,2.0,,1.0,1
rw10416918,titley-02065,-1.0,-2.0,1.0,,,-1
rw10416859,rochfordsimon,-1.0,1.0,,,-1.0,-1
rw10416800,therealklord,0.0,2.0,,,,1
rw10416229,gamegamer-12329,2.0,1.0,,,2.0,2
rw10416129,imdbfan-6373747656,1.0,2.0,1.0,,1.0,1
rw10415930,wdrjpqmt,-2.0,,,,-2.0,-2
rw10415376,applezhengyang,1.0,,,,1.0,2
rw10414416,sprude,1.0,2.0,1.0,,1.0,1
rw10414192,malek-hacid,-2.0,-2.0,1.0,,,-2
rw10413886,The_Biscuit101,0.0,1.0,1.0,,1.0,1
rw10413174,bigjibba,-1.0,1.0,-1.0,,,1
rw10411880,WuLiMammoth,-1.0,1.0,-1.0,,-1.0,0
rw10411815,avarayva,0.0,,,,,0
rw10410714,MaxWhy,-2.0,-2.0,,,,-2
rw10409856,benferns411,-1.0,,1.0,,,-1
rw10408978,movieboss17,1.0,2.0,,,,1
rw10407817,xhsvkky,-2.0,-1.0,,,-1.0,-2
rw10407412,spiderfox-09031,-1.0,,1.0,1.0,,1
rw10404711,caitlinshay-37497,1.0,1.0,,,,1
rw10404358,annadens,-1.0,-1.0,,,-1.0,-1
rw10403898,spencer-w-hensley,-1.0,1.0,1.0,,,-1
rw10401884,ltdan-87266,-2.0,1.0,,,-2.0,-2
rw10403254,linneajenner,-1.0,2.0,,,-1.0,-1
rw10403170,imdbfan-2387093189,-1.0,1.0,,,-1.0,-1
rw10403128,irusvirus,0.0,,1.0,,,0
rw10403086,ddangtruong23,-2.0,,,,,-2
rw10402764,ethanbresnett,-1.0,1.0,1.0,,,1
rw10402133,zanekubala,-1.0,,,,,-1
rw10401138,carldavidceder9,-2.0,-1.0,,,,-2
rw10401052,Justonemore97,1.0,1.0,,,1.0,1
rw10400379,imdbfan-2254693570,2.0,2.0,,,2.0,2
rw10400103,introducer,-1.0,,,,,-1
rw10400014,nERDbOX_Dave,-1.0,1.0,,,-1.0,-1
rw10399991,imdbfan-5569000486,-1.0,,,,,-2
rw10399943,TreeFiddy53,0.0,1.0,,,1.0,0
rw10399488,Happyphantom815,-1.0,,,,-1.0,-1
rw10399283,jorgesosadiaz,1.0,,,,1.0,1
rw10399192,jonathanr-67660,1.0,2.0,,,1.0,1
rw10399127,imdbfan-8477292011,1.0,2.0,1.0,,1.0,1
rw10399063,christopherwgy,1.0,,,,1.0,1
rw10398520,griffithxjohnson,-2.0,1.0,,2.0,-2.0,-1
rw10398455,wqnqrzkf,-2.0,-1.0,-1.0,,-1.0,-2
rw10398334,purkles,1.0,1.0,,,0.0,1
rw10397866,kujawamatthew,-1.0,1.0,,,,-1
rw10397839,siphonsraspy,-1.0,1.0,1.0,,-1.0,0
rw10397778,boblipton,1.0,,,,1.0,1
rw10397603,jaume-josa,-2.0,,,,,-2
rw10397486,JuHoE,1.0,2.0,1.0,,1.0,1
rw10397265,edgamu,-1.0,-1.0,,,,-1
rw10396537,nnqdwxdr,0.0,1.0,,,0.0,1
rw10394729,grahamboshell,-2.0,-2.0,,,-1.0,-2
rw10396467,StrickIand,-1.0,-1.0,-1.0,,-1.0,-1
rw10396231,abbyw-20145,1.0,,,,1.0,1
rw10396050,Shad0uille,0.0,1.0,-1.0,,,1
rw10396048,lougadou,-2.0,-2.0,-1.0,,,-1
rw10395976,thealeciathomas,-1.0,1.0,,,,1
rw10395450,FinbarrReynolds22,-1.0,1.0,,,-1.0,-1
rw10395207,Katieehalt,-1.0,1.0,,,-1.0,-1
rw10394450,redbutterflyy,1.0,1.0,,,,1
rw10394327,leigh-riley84,-2.0,-2.0,,,,-2
rw10394299,stefanicai,-2.0,1.0,-2.0,,,-2
rw10394139,imdbfan-1360759827,1.0,2.0,,,1.0,1
rw10394111,kevinibbotson,2.0,2.0,2.0,,2.0,2
rw10393863,erentaste,-1.0,-1.0,,,-1.0,0
rw10393818,blejohanna,-1.0,2.0,,,,1
rw10393692,sujanfaster,-1.0,0.0,-1.0,-1.0,0.0,0
rw10393597,qphqpkxv,-1.0,-2.0,,,-1.0,-1
rw10393237,imdbfan-7961342252,-2.0,-1.0,,,,-2
rw10393220,imdbfan-1389301543,1.0,,,,1.0,1
rw10392998,livjehle,-1.0,,,,0.0,0
rw10392910,amigothelover,-1.0,1.0,,,1.0,1
rw10392562,Alexander_Blanchett,1.0,2.0,1.0,1.0,,1
rw10392262,natalieanneforman,2.0,2.0,,,,2
rw10392052,networthy-92551,-1.0,,,,-1.0,-1
rw10391342,Juan_Gallego-PRIME,1.0,1.0,,,1.0,1
rw10391146,imdbfan-9148940254,-1.0,1.0,2.0,,-1.0,-1
rw10390952,bmysl,-1.0,1.0,,,,-1
rw10390776,rmadson-67124,1.0,2.0,,1.0,1.0,1
rw10390516,mikelavery,-1.0,-1.0,,,-1.0,-2
rw10387150,nickhaertel,-1.0,1.0,,,,-1
rw10389330,flartpoop,-1.0,,,,-1.0,-1
rw10389271,masonfisk,-1.0,1.0,,,0.0,0
rw10389231,nekrashevich,-2.0,,,,,-2
rw10389161,dannylee3782,1.0,1.0,,,0.0,1
rw10389139,cgc-08110,0.0,-1.0,,,,0
rw10387147,PrinceCharmingHere,,2.0,,,-1.0,1
rw10389109,The_Devin_G,-2.0,-1.0,1.0,,-1.0,-2
rw10389097,imdbfan-6956719964,1.0,2.0,,,1.0,1
rw10389045,trumpetnut-68406,-1.0,,,,0.0,-1
rw10388894,yManu_,1.0,,,,1.0,1
rw10388695,enzomura,-1.0,,,,0.0,-1
rw10388596,misunkang,1.0,2.0,,,,1
rw10388533,c_u_sk8er,-1.0,1.0,,,-1.0,-1
rw10388295,nicholasb624,-1.0,-2.0,,,,-1
rw10387388,Man0Manit0,1.0,2.0,2.0,,,1
rw10387298,oxyartes,-2.0,,1.0,,-1.0,-1
rw10387190,jesuison,,1.0,,,0.0,1
rw10387183,dngoldman,1.0,,,,1.0,1
rw10387155,Troyforever,1.0,2.0,1.0,,1.0,1
rw10387073,madebyiiisa,2.0,2.0,,,1.0,2
rw10387054,GummyBuns,2.0,,,,1.0,2
rw10387038,noahthomas-69817,1.0,1.0,1.0,1.0,,2
rw10386996,misstereebanks,1.0,,,,,1
rw10386935,malmevik77,1.0,1.0,,,1.0,1
rw10386782,drjgardner,-1.0,1.0,,,-1.0,-1
rw10386565,JeffSmithSmith,-2.0,,,,,-2
rw10386527,jnfhk,,-2.0,,,,-2
rw10386516,RealDanLeahey,0.0,,,,0.0,1
rw10386211,Blimplarg,1.0,2.0,1.0,,1.0,1
rw10386043,SuperJabbot,0.0,1.0,1.0,1.0,1.0,1
rw10385805,superstradivariusboys,1.0,1.0,2.0,,1.0,1
rw10385766,orialon24,-1.0,-1.0,1.0,,-1.0,-1
rw10385490,adamz-85308,-2.0,2.0,,,,-2
rw10382039,bfactor_,-1.0,2.0,1.0,,-1.0,-1
rw10385214,Zeyders,-1.0,1.0,,,,0
rw10385134,RobertN1,-1.0,,1.0,,1.0,1
rw10385060,imdbfan-9803232761,-1.0,,1.0,,,-1
rw10384889,finnlaytraumueller,0.0,2.0,2.0,,1.0,1
rw10384884,ionutolteanu,-1.0,2.0,,,1.0,1
rw10381640,Monomono9,1.0,,,,2.0,1
rw10384631,roniluciaofficial,0.0,1.0,,,,1
rw10384371,gcsman,1.0,1.0,,,1.0,1
rw10384203,twocents2,1.0,1.0,1.0,,,1
rw10384179,mathazo,-1.0,,,,,-1
rw10384051,imdbfan-0256019012,-2.0,-2.0,,,-2.0,-2
rw10383827,danchilton-71955,1.0,2.0,1.0,,1.0,1
rw10383788,joiningjt,-1.0,2.0,-1.0,,,-1
rw10383727,MilesMcfly,0.0,2.0,,0.0,1.0,1
rw10383609,UncleLobster,-1.0,1.0,,,,0
rw10383396,adevillette-1,-2.0,-2.0,,,,-2
rw10383284,dzmayzakk,-1.0,2.0,,,,0
rw10383277,foreverfrantic,1.0,2.0,,,1.0,1
rw10383127,imdbfan-1961931164,1.0,,1.0,,1.0,1
rw10383108,Agent10,,,,,1.0,1
rw10382648,angelalidder-87601,-1.0,-1.0,-1.0,,-1.0,-1
rw10382240,Lewis_Heather787,0.0,2.0,,,1.0,1
rw10401883,dzumada,1.0,2.0,-1.0,1.0,,1
rw10382172,myheartserve,-1.0,-1.0,,,,-1
rw10381913,Irene212,1.0,-1.0,1.0,,1.0,1
rw10381732,Darthfrodo58,-1.0,-1.0,,,,-2
rw10381700,digdog-785-717538,-1.0,,,,,-1
rw10381696,imdbfan-5748010414,-1.0,1.0,2.0,,1.0,1
rw10381656,simonvecic-68826,-2.0,,,,-2.0,-2
rw10381561,madhurav,-1.0,,,,,-1
rw10381429,Wilot,1.0,2.0,,,1.0,1
rw10381310,karooduck,2.0,2.0,,,2.0,2
rw10381128,mgmead-1,-2.0,1.0,,,,-1
rw10381103,nomizghoast,-1.0,-2.0,1.0,,-2.0,-2
rw10381011,Drizzzyb,1.0,1.0,,,,1
rw10380895,cliftonofun,1.0,1.0,,,1.0,1
rw10380748,safespirit,-1.0,-1.0,1.0,,,0
rw10380531,imdbfan-2831069081,-1.0,,,,-1.0,-1
rw10380486,imdbfan-4147142891,2.0,2.0,,,2.0,2
rw10379981,mad-skaut,-1.0,1.0,,,-1.0,-1
rw10380443,ruche794,-1.0,2.0,,1.0,-1.0,1
rw10380406,PotassiumMan,0.0,,,,1.0,1
rw10380349,gbill-74877,1.0,,,,1.0,1
rw10380302,weinstockdanny,-1.0,,,,0.0,-1
rw10380297,Stanlee107,-1.0,1.0,,,,0
rw10380294,lopresti-46927,,-1.0,,,1.0,1
rw10380048,imdbfan-0216094869,2.0,2.0,,,1.0,2
rw10379942,colphughes,-1.0,,,,0.0,0
rw10379886,pauljsalman,-1.0,,,,,-1
rw10379821,sinscopefilms,-1.0,2.0,0.0,2.0,0.0,0
rw10379705,kadesixx,-1.0,0.0,,,-1.0,0
rw10379659,lord_orsum,-1.0,2.0,,,,0
rw10379537,vitalymakievsky,1.0,,,,1.0,1
rw10379438,yorgokennos,-1.0,,,,-1.0,-1
rw10379414,nadia-ali786,1.0,2.0,,,1.0,1
rw10379169,JoeErie,-1.0,0.0,,,-1.0,-1
rw10379062,lsteff-58386,-1.0,2.0,,,-1.0,0
rw10379032,High-on-sci-fi,-1.0,,,-1.0,,-2
rw10378682,pzftryzc,-2.0,-2.0,,,,-2
rw10378674,Kent_Kainer,-1.0,,,,,0
rw10378593,IISebastianR,,2.0,,,,1
rw10378549,derpizzadieb,-2.0,,,,,-1
rw10378532,dstan-71445,-1.0,,,,-1.0,-1
rw10378417,kolson-54906,-2.0,,,,,-1
rw10378305,gmanswan,-1.0,,-1.0,,,-1
rw10377967,flakac12345,1.0,1.0,,,,1
rw10377949,jameswhalls,-1.0,,,,,0
rw10377807,millshagen,-2.0,-1.0,,,-1.0,-2
rw10377747,findinghenosis,-1.0,,,,,-2
rw10377647,cdjh-81125,0.0,1.0,1.0,,0.0,1
rw10377607,calebtb-778-383613,0.0,1.0,,,1.0,1
rw10377532,ioanpop_,-1.0,1.0,1.0,,,0
rw10373739,pglq65,-2.0,-2.0,,,,-2
rw10377205,canarsiekid,-2.0,,,,,-2
rw10377088,nevenkadic,-1.0,-1.0,-1.0,,,-2
rw10376924,neauth,-1.0,2.0,1.0,,-1.0,-1
rw10376747,alena-vasserman,1.0,2.0,,,1.0,1
rw10376735,imdbfan-1227763066,-2.0,-2.0,,,,-2
rw10375614,rissanensaaras,1.0,1.0,,,,1
rw10373723,Filmsr4ever_,-1.0,,1.0,,,-1
rw10376703,ozbandit-43368,1.0,2.0,1.0,,1.0,1
rw10376586,imdbfan-0013289649,-2.0,-2.0,,,,-2
rw10376379,turnmaxw,-1.0,2.0,,,1.0,1
rw10376222,waltermwilliams,1.0,1.0,2.0,,0.0,1
rw10376143,starwarsalex1,,1.0,,,-1.0,0
rw10375973,DocFacilier,1.0,1.0,,,1.0,1
rw10373764,connectmarkanthony,-1.0,1.0,,,,-1
rw10375420,branflakes4547,-1.0,,,,-1.0,-1
rw10375315,vankopresident,-2.0,,,,,-2
rw10374896,junkmail-30870,-1.0,,1.0,,,0
rw10374890,boss-981-447297,-2.0,-2.0,,,,-2
rw10374867,alessiavannini,2.0,1.0,,,2.0,1
rw10374834,comthoifaptv,1.0,2.0,,,,1
rw10374725,davinci2001-1,-2.0,,-1.0,,-1.0,-1
rw10374591,Junebug23057,-1.0,-1.0,2.0,1.0,0.0,0
rw10374472,BA_Harrison,-1.0,1.0,1.0,,-1.0,0
rw10374434,gavinp9,0.0,1.0,0.0,0.0,,0
rw10374304,imdbfan-0610160249,-2.0,-1.0,,,-2.0,-2
rw10374144,jamiejimbothomas,-1.0,,,,0.0,0
rw10374098,pedroquintaoo,-1.0,1.0,1.0,,1.0,1
rw10373968,mesaxi,-2.0,1.0,1.0,-1.0,-2.0,-1
rw10373934,larkintheclouds,1.0,2.0,1.0,,1.0,1
rw10373922,ThereelscoopwithKK,1.0,1.0,,,1.0,1
rw10373781,meoowens,0.0,,,,1.0,1
rw10373695,stevezh49,0.0,,,2.0,1.0,1
rw10373646,wgugisberg,-2.0,-2.0,,,,-2
rw10373485,RRiley9945,-2.0,-2.0,,,-2.0,-2
rw10434131,Scream_Play,1.0,2.0,,,1.0,1
rw10373376,tautvydaskirs,2.0,,,,2.0,2
rw10373200,Scifi_hero,1.0,,,,1.0,1
rw10373175,vikingmike101,-1.0,1.0,1.0,,,-1
rw10372955,qkgsrhdx,-2.0,-2.0,,,-2.0,-2
rw10372437,tfatashband,1.0,2.0,,,1.0,1
rw10372932,Ky-D,-2.0,1.0,1.0,,-1.0,-1
rw10372840,Jeremy_Urquhart,-1.0,-1.0,-1.0,,-1.0,-1
rw10372739,Pairic,0.0,,1.0,,0.0,1
rw10372727,imdbfan-7180118470,-1.0,1.0,1.0,,-1.0,0
rw10372669,me_mathur,2.0,2.0,,,,2
rw10372654,DrHuh,-1.0,2.0,1.0,,,1
rw10369784,njrmbm,1.0,1.0,2.0,2.0,,1
rw10372228,paultreloar75,-2.0,-2.0,,,,-2
rw10372155,rajrrvk,2.0,2.0,,1.0,,2
rw10371972,besmst,0.0,,,,,0
rw10371948,SpaaceMonkee,-1.0,,,,-1.0,-1
rw10371894,haydenfilen,1.0,1.0,1.0,,,1
rw10371844,MiddleManager,-2.0,,,,,-2
rw10371611,wet_bandit,-1.0,1.0,,,,0
rw10371519,harmonyzoesugar,-1.0,1.0,,,,-1
rw10371467,danielwillen-53631,-2.0,,,,-1.0,-1
rw10371432,imdbfan-5944183497,0.0,2.0,1.0,,-1.0,-1
rw10371320,ngkubisiak,1.0,2.0,1.0,,1.0,1
rw10369733,lalalaleesuhh,1.0,2.0,,,,2
rw10371291,nightfeeding,-2.0,-1.0,,,,-1
rw10371104,deroxybox,0.0,1.0,,,,1
rw10371063,shashank_1501,1.0,1.0,,,,1
rw10371015,richjsmith-26765,-2.0,-2.0,-2.0,,,-2
rw10370973,kluseba,-1.0,-1.0,1.0,,1.0,0
rw10370941,SteaknEllie-on-YouTube,1.0,,,,1.0,1
rw10370899,DanLawson146,-1.0,2.0,1.0,,1.0,1
rw10370643,jgcogs,1.0,2.0,,,0.0,1
rw10370563,bowmanblue,,1.0,,,-1.0,1
rw10370356,imdbfan-8556649871,-2.0,,,,,-2
rw10370334,willphelan,-1.0,2.0,,,,1
rw10370050,Zzacarias,1.0,2.0,,,1.0,1
rw10369983,David-Roomes,-2.0,1.0,2.0,,,-2
rw10369904,asuncion-romero-vergara,2.0,,,,2.0,2
rw10369728,jeremy-clay59,-2.0,-1.0,,,,-2
rw10369689,joepm28,0.0,1.0,,,,0
rw10369534,movieroguereviewer,1.0,1.0,2.0,,,1
rw10369516,dsfgrc,-1.0,1.0,-1.0,,,-2
rw10369406,Rageypoo,0.0,1.0,,,0.0,0
rw10367971,baldbear-08223,-2.0,-2.0,,,,-2
rw10369389,nebula0024,-2.0,,,,-1.0,-1
rw10369285,henry8-3,1.0,2.0,1.0,,,1
rw10369241,jamescastell93,-2.0,0.0,,,,-2
rw10369118,ryanpersaud-59415,-1.0,1.0,,,1.0,1
rw10369048,rashumillar,-1.0,,,,,0
rw10368985,elicopperman,1.0,1.0,1.0,,1.0,1
rw10368762,cphardcastle,-2.0,,,,,-2
rw10368639,jasonwong-95553,-1.0,1.0,1.0,,,1
rw10368612,bikepaddlesing,-1.0,-1.0,,,,0
rw10368560,jonathanrogers1,-1.0,-1.0,1.0,,,0
rw10450572,Kademan-02092005,0.0,2.0,,,1.0,1
rw10368370,stefan_papp,0.0,,,,0.0,0
rw10367831,linhares-gonzalez,1.0,2.0,2.0,,,1
rw10368309,KalKenobi83,1.0,2.0,1.0,1.0,1.0,2
rw10368287,shawnn-appel,-2.0,,,,,-2
rw10368220,iamianiman,1.0,2.0,,,1.0,1
rw10368056,5kullyosis,-1.0,,1.0,,0.0,0
rw10367995,jaredkjacoby,1.0,2.0,1.0,2.0,1.0,1
rw10367717,pierrebrown-07469,-1.0,1.0,,,2.0,1
rw10367709,pgrancharov,-1.0,0.0,0.0,,-1.0,0
rw10388773,Bleu-Le-Fluff-0969,0.0,1.0,1.0,1.0,1.0,1
rw10367627,domantas-bro,-1.0,1.0,,,,-1
rw10367616,dorMancyx,-1.0,1.0,,-1.0,,-1
rw10367487,tothelakethismorning,-1.0,,,,,-1
rw10367407,mjanelle-24974,-1.0,-1.0,,,,-1
rw10367362,virindra,-2.0,-2.0,,,,-1
rw10367179,matepolcz,1.0,2.0,2.0,2.0,1.0,1
rw10367036,zahiroddinimehran,-2.0,-2.0,,,,-2
rw10394704,hizkiahuwae,,,,,1.0,1
rw10367025,Papaya_Horror,,2.0,1.0,,2.0,1
rw10367016,SAFEOWN,2.0,2.0,2.0,,2.0,2
rw10367004,garybriscoe-34984,-2.0,1.0,,,,-2
rw10365235,tommymitchell-91338,-2.0,-2.0,,,,-2
rw10366931,ashusahu-79793,-1.0,2.0,,,,0
rw10366865,nahuatyuc29,-1.0,1.0,,,1.0,1
rw10366864,Jithindurden,-1.0,,,,1.0,1
rw10364275,arungeorge13,0.0,2.0,1.0,1.0,-1.0,1
rw10366513,Tom_Hofman,1.0,2.0,,,1.0,1
rw10366419,sweetzero_ita,-1.0,1.0,1.0,,,0
rw10366264,kadza,-1.0,1.0,,-1.0,,0
rw10366218,akoaytao1234,0.0,1.0,,,,0
rw10366170,tm-sheehan,1.0,2.0,1.0,,1.0,1
rw10366002,ddspell,-1.0,,,,,0
rw10365906,azmanjalani,1.0,2.0,,,1.0,1
rw10365860,bpirwin,-1.0,,,,-1.0,-1
rw10365805,CSHaviland,-2.0,-1.0,,,,-2
rw10365798,imdbfan-7072914082,-2.0,,,,,-2
rw10365721,Binkconn,-1.0,,,,,-1
rw10365693,supershrmp11,-1.0,1.0,,,-1.0,1
rw10365585,shaht-16429,,1.0,1.0,1.0,0.0,1
rw10365470,gavthyname,-1.0,-1.0,,,,-1
rw10365463,sin-52002,1.0,-1.0,,,1.0,1
rw10365323,ervell,1.0,,,,1.0,1
rw10365243,MovieWarfare,1.0,2.0,1.0,,1.0,1
rw10365227,fadrique247,-2.0,-1.0,-2.0,,-1.0,-2
rw10365224,michiganmovies-62603,-2.0,-2.0,-2.0,,,-2
rw10365222,metodico,-1.0,1.0,1.0,,-1.0,-1
rw10365220,Ggc1,0.0,1.0,2.0,2.0,,1
rw10365167,Luis_Felicio,-2.0,,1.0,,,-1
rw10365091,ardenderi,-1.0,1.0,,,0.0,1
rw10365056,jaytheboom,,1.0,1.0,,,1
rw10364949,caulonc,-2.0,,,,,-2
rw10364927,nirmaata,-1.0,,,,,-1
rw10364907,DanTheMan2150AD,0.0,1.0,-1.0,,1.0,1
rw10364884,spjsxnyct,-2.0,-2.0,,,,-2
rw10364802,filipkowalik,-1.0,1.0,1.0,,,0
rw10364693,imdbfan-6123181053,-1.0,-1.0,,,,-1
rw10364444,MorfenZ,2.0,2.0,2.0,,2.0,1
rw10364352,pranayjalvi,1.0,1.0,,,1.0,1
rw10364252,cellapie,1.0,2.0,,,1.0,1
rw10364189,p-68574,0.0,,,,,1
rw10364099,gwendilinb,,2.0,,,1.0,1
rw10364096,divineflame06,1.0,2.0,1.0,,1.0,2
rw10364086,MuviFan73,-1.0,,0.0,,,0
rw10364039,yungchan,-1.0,2.0,,,,0
rw10364022,eoinageary,0.0,1.0,,,,1
rw10363974,adamgresch,1.0,2.0,1.0,,-1.0,1
rw10363970,rendanellifilms,2.0,2.0,2.0,,,2
rw10363958,eliottpointdupont,1.0,,,,,0
rw10363832,imdbfan-6125434420,-2.0,,0.0,,,-2
rw10390941,rgkarim,0.0,1.0,2.0,,1.0,1
rw10392747,natesarenathans,1.0,1.0,2.0,,1.0,1
rw10363699,mhafen,-2.0,-1.0,,,,-2
rw10363661,imdbfan-7962112546,1.0,1.0,1.0,,,1
rw10363659,alexandergotzp,1.0,1.0,,,0.0,1
rw10363644,dave_hillman,2.0,2.0,,,,2
rw10363626,vikramaditya234,-1.0,-1.0,,,,-1
rw10363596,nathanleelujan,1.0,1.0,,,1.0,1
rw10363588,brentsbulletinboard,1.0,1.0,1.0,,2.0,1
rw10363570,MrStinkerson,-1.0,1.0,1.0,,-1.0,0
rw10362649,imdbfan-6673779882,1.0,1.0,1.0,,,1
rw10363410,lostsurvivor24,-1.0,-1.0,-2.0,,,-2
rw10363354,Lazy-Loki,1.0,1.0,0.0,,1.0,1
rw10363330,jeffreytassani,0.0,1.0,,,,1
rw10435074,kevin_sheehan_,1.0,2.0,2.0,,1.0,2
rw10363211,jennayouu,1.0,1.0,1.0,1.0,1.0,1
rw10363170,alexandramarierix30,-2.0,-2.0,1.0,,,-1
rw10363161,JTReviewsPlus,1.0,2.0,,,1.0,1
rw10363090,MartyOfEarth,-1.0,,,,-1.0,0
rw10362933,zczachor,-2.0,,,,,-2
rw10362794,lovelady-31574,1.0,2.0,,,1.0,1
rw10362748,elly_kalman,1.0,1.0,,,1.0,1
rw10362723,chrisblackgb,-2.0,-2.0,,,,-2
rw10362657,wezzel,1.0,1.0,,,1.0,1
rw10362594,keyosuk,1.0,2.0,1.0,,1.0,1
rw10362549,sgildea-78306,0.0,1.0,,,-1.0,0
rw10362521,imdbfan-1053168755,-1.0,1.0,,,-1.0,-1
rw10362398,imdbfan-0121467159,-1.0,,,,,-1
rw10362257,andrewchristianjr,-1.0,1.0,,,0.0,0
rw10361964,sriharsha-harsha247,-1.0,1.0,,,0.0,0
rw10361774,FeastMode,-2.0,1.0,,,,-2
rw10361764,blsgouros,-1.0,1.0,,,-1.0,-1
rw10361721,whatachillkill,-1.0,1.0,,,,-1
rw10361586,housermichael,-2.0,0.0,,,,-2
rw10361574,ta-98251,1.0,2.0,1.0,,1.0,1
rw10361385,Brad_G35,1.0,2.0,,,,1
rw10361363,ReviewerReese,1.0,2.0,,,1.0,1
rw10361285,Sees All,-2.0,-1.0,,,-1.0,-1
rw10361049,xaviermartinez-40349,1.0,2.0,,,,1
rw10360808,FrostyAtm,-1.0,1.0,1.0,,-1.0,-1
rw10360699,imdbfan-9425473570,-1.0,0.0,,,-1.0,-1
rw10360560,bastille-852-731547,-1.0,,0.0,0.0,-1.0,0
rw10360260,llleeeooo124,-1.0,1.0,,,,1
rw10360046,keramaswiguna,-2.0,1.0,1.0,,,-1
rw10360015,Lizyeliz,1.0,2.0,,,1.0,1
rw10360005,fundaquayman,1.0,1.0,,,1.0,1
rw10359538,FinleyKolapo,1.0,2.0,,,1.0,1
rw10359080,constheo,-1.0,1.0,0.0,,-1.0,0
rw10358898,Lefteris-Anagnostopoulos,-2.0,0.0,-2.0,,-2.0,-2
rw10358731,mateioanamaria,2.0,2.0,,,2.0,2
rw10358054,jasminn_tan,1.0,2.0,,,,1
rw10354675,museoff,1.0,1.0,,,1.0,1
rw10345362,reilandeubank,0.0,,1.0,,0.0,1
rw10344844,JacksDe6d,1.0,2.0,,,1.0,1
rw10331437,diluvian-failure,-2.0,-1.0,,,-2.0,-1
rw10295557,KurtBack,-1.0,1.0,,,-1.0,-1
